Treatment,Genotype,Plant_Position,Gall_Number,Gall_Letter,chamber.diameter_mm,oviposition.preference_individuals.per.100.shoots,clutch.size_individuals,pupa,egg.ptoid,larval.ptoid,early.larval.death
Ectoparasitoid exclusion,B,135,3595,a,7.18,17.037037037037038,4,0,1,0,0
Ectoparasitoid exclusion,B,135,3595,b,7.74,17.037037037037038,4,0,1,0,0
Ectoparasitoid exclusion,B,135,3595,c,7.9,17.037037037037038,4,0,1,0,0
Ectoparasitoid exclusion,B,135,3595,d,7.71,17.037037037037038,4,0,2,0,0
Ectoparasitoid exclusion,B,138,1030,a,5.55,23.703703703703706,2,1,0,0,0
Ectoparasitoid exclusion,B,138,1030,b,5.7,23.703703703703706,2,1,0,0,0
Ectoparasitoid exclusion,B,138,1031,a,9.7,23.703703703703706,3,1,0,0,0
Ectoparasitoid exclusion,B,138,1031,b,6.4,23.703703703703706,3,0,0,1,0
Ectoparasitoid exclusion,B,138,1031,c,9.7,23.703703703703706,3,1,0,0,0
Ectoparasitoid exclusion,B,138,1032,a,10.15,23.703703703703706,2,1,0,0,0
Ectoparasitoid exclusion,B,138,1032,b,9.25,23.703703703703706,2,0,1,0,0
Ectoparasitoid exclusion,B,138,1033,a,6.3,23.703703703703706,1,1,0,0,0
Ectoparasitoid exclusion,B,138,1034,a,9.35,23.703703703703706,2,1,0,0,0
Ectoparasitoid exclusion,B,138,1034,b,9.35,23.703703703703706,2,1,0,0,0
Ectoparasitoid exclusion,B,138,1035,a,8.5,23.703703703703706,2,1,0,0,0
Ectoparasitoid exclusion,B,138,1035,b,8.5,23.703703703703706,2,0,1,0,0
Ectoparasitoid exclusion,B,138,1036,a,9.8,23.703703703703706,1,0,0,0,1
Ectoparasitoid exclusion,B,138,1037,a,5.4,23.703703703703706,3,0,1,0,0
Ectoparasitoid exclusion,B,138,1037,b,6.35,23.703703703703706,3,0,1,0,0
Ectoparasitoid exclusion,B,138,1037,c,6.1,23.703703703703706,3,1,0,0,0
Ectoparasitoid exclusion,B,138,1038,a,6.4,23.703703703703706,3,0,1,0,0
Ectoparasitoid exclusion,B,138,1038,b,8.1,23.703703703703706,3,0,0,0,1
Ectoparasitoid exclusion,B,138,1038,c,8.35,23.703703703703706,3,0,1,0,0
Ectoparasitoid exclusion,B,180,538,a,9.75,8.75,2,1,0,0,0
Ectoparasitoid exclusion,B,180,538,b,9.75,8.75,2,1,0,0,0
Ectoparasitoid exclusion,B,180,539,a,13.1,8.75,3,1,0,0,0
Ectoparasitoid exclusion,B,180,539,b,13.1,8.75,3,1,0,0,0
Ectoparasitoid exclusion,B,180,539,c,11.2,8.75,3,1,0,0,0
Ectoparasitoid exclusion,B,180,540,a,10.1,8.75,4,1,0,0,0
Ectoparasitoid exclusion,B,180,540,b,10.1,8.75,4,1,0,0,0
Ectoparasitoid exclusion,B,180,540,c,8.8,8.75,4,1,0,0,0
Ectoparasitoid exclusion,B,180,540,d,10.1,8.75,4,1,0,0,0
Ectoparasitoid exclusion,B,180,541,a,7.5,8.75,1,0,0,0,0
Control,B,193,174,a,6.45,25.185185185185183,1,0,0,1,0
Control,B,193,175,a,10.45,25.185185185185183,4,0,0,0,1
Control,B,193,175,b,11,25.185185185185183,4,1,0,0,0
Control,B,193,175,c,11.15,25.185185185185183,4,0,1,0,0
Control,B,193,175,d,11,25.185185185185183,4,1,0,0,0
Control,B,193,176,a,6.9,25.185185185185183,1,1,0,0,0
Control,B,193,177,a,8.1,25.185185185185183,2,1,0,0,0
Control,B,193,177,b,9.6,25.185185185185183,2,1,0,0,0
Control,B,193,178,a,7.35,25.185185185185183,1,1,0,0,0
Control,B,193,179,a,5.95,25.185185185185183,3,0,0,0,1
Control,B,193,179,b,8.5,25.185185185185183,3,0,1,0,0
Control,B,193,179,c,9.95,25.185185185185183,3,0,0,0,1
Control,B,193,180,a,6.7,25.185185185185183,3,0,0,0,1
Control,B,193,180,b,9.1,25.185185185185183,3,1,0,0,0
Control,B,193,180,c,8.45,25.185185185185183,3,1,0,0,0
Control,B,193,181,a,12.35,25.185185185185183,5,0,0,0,1
Control,B,193,181,b,11.95,25.185185185185183,5,1,0,0,0
Control,B,193,181,c,11.3,25.185185185185183,5,0,1,0,0
Control,B,193,181,d,12.7,25.185185185185183,5,0,0,0,1
Control,B,193,181,e,11.95,25.185185185185183,5,1,0,0,0
Ectoparasitoid exclusion,B,2,699,a,8.15,13.846153846153847,1,0,0,0,0
Ectoparasitoid exclusion,B,2,700,a,9.85,13.846153846153847,2,1,0,0,0
Ectoparasitoid exclusion,B,2,700,b,9.85,13.846153846153847,2,0,0,0,0
Ectoparasitoid exclusion,B,2,701,a,7.55,13.846153846153847,3,1,0,0,0
Ectoparasitoid exclusion,B,2,701,b,8,13.846153846153847,3,1,0,0,0
Ectoparasitoid exclusion,B,2,701,c,8,13.846153846153847,3,1,0,0,0
Ectoparasitoid exclusion,B,2,702,a,9.35,13.846153846153847,2,1,0,0,0
Ectoparasitoid exclusion,B,2,702,b,7.7,13.846153846153847,2,0,1,0,0
Ectoparasitoid exclusion,B,2,703,a,11.175,13.846153846153847,1,2,0,0,0
Ectoparasitoid exclusion,B,2,704,a,10.85,13.846153846153847,2,1,0,0,0
Ectoparasitoid exclusion,B,2,704,b,10.85,13.846153846153847,2,1,0,0,0
Ectoparasitoid exclusion,B,2,705,a,10.45,13.846153846153847,1,1,0,0,0
Ectoparasitoid exclusion,B,2,706,a,8.95,13.846153846153847,3,1,0,0,0
Ectoparasitoid exclusion,B,2,706,b,8.95,13.846153846153847,3,1,0,0,0
Ectoparasitoid exclusion,B,2,706,c,8.95,13.846153846153847,3,1,0,0,0
Ectoparasitoid exclusion,B,2,707,a,8.75,13.846153846153847,4,0,0,0,0
Ectoparasitoid exclusion,B,2,707,b,8.75,13.846153846153847,4,0,0,0,0
Ectoparasitoid exclusion,B,2,707,c,8.75,13.846153846153847,4,0,0,0,0
Ectoparasitoid exclusion,B,2,707,d,8.75,13.846153846153847,4,1,0,0,0
Control,B,25,779,a,7.3,34,1,0,0,0,1
Control,B,25,780,a,8.65,34,2,0,0,1,0
Control,B,25,780,b,8.5,34,2,0,0,1,0
Control,B,25,781,a,9.05,34,3,0,1,0,0
Control,B,25,781,b,8.25,34,3,0,0,1,0
Control,B,25,781,c,8.2,34,3,0,0,0,1
Control,B,25,782,a,7.9,34,1,0,0,0,1
Control,B,25,783,a,9.3,34,1,0,0,0,1
Control,B,25,784,a,6.6,34,1,0,0,1,0
Control,B,25,785,a,3.3,34,1,1,0,0,0
Control,B,25,786,b,6.35,34,1,0,0,1,0
Control,B,25,787,a,6.85,34,3,0,0,1,0
Control,B,25,787,b,6.9,34,3,0,0,1,0
Control,B,25,787,c,7.55,34,3,0,0,1,0
Control,B,25,788,a,5.4,34,1,0,1,0,0
Control,B,25,789,a,6.25,34,2,0,0,0,1
Control,B,25,789,b,3.85,34,2,0,0,0,1
Control,B,391,3439,a,9.17,32.592592592592595,2,0,0,0,1
Control,B,391,3439,b,9.71,32.592592592592595,2,0,0,0,0
Control,B,391,3440,a,7.23,32.592592592592595,2,0,0,1,0
Control,B,391,3440,b,7.23,32.592592592592595,2,1,0,0,0
Control,B,391,3441,a,6.16,32.592592592592595,1,0,0,0,1
Control,B,391,3442,a,9.24,32.592592592592595,1,0,0,0,0
Control,B,391,3443,a,5.66,32.592592592592595,1,0,0,0,1
Ectoparasitoid exclusion,B,421,2324,a,7.45,12.727272727272727,1,1,0,0,0
Ectoparasitoid exclusion,B,421,2325,a,12.25,12.727272727272727,1,1,0,0,0
Ectoparasitoid exclusion,B,421,2326,a,10.92,12.727272727272727,2,0,1,0,0
Ectoparasitoid exclusion,B,421,2326,b,12.17,12.727272727272727,2,1,0,0,0
Ectoparasitoid exclusion,B,421,2327,a,10.3,12.727272727272727,1,1,0,0,0
Ectoparasitoid exclusion,B,421,2328,a,8.62,12.727272727272727,1,0,0,0,0
Ectoparasitoid exclusion,B,421,2329,a,5.85,12.727272727272727,1,0,1,0,0
Ectoparasitoid exclusion,B,421,2330,a,7.34,12.727272727272727,1,0,1,0,0
Ectoparasitoid exclusion,B,421,2331,a,8.03,12.727272727272727,1,1,0,0,0
Control,B,438,3358,a,8.37,26.400000000000002,2,0,0,0,1
Control,B,438,3358,b,7.74,26.400000000000002,2,0,0,1,0
Control,B,438,3359,a,8.57,26.400000000000002,2,2,0,0,0
Control,B,438,3359,b,6.99,26.400000000000002,2,1,0,0,0
Control,B,438,3360,a,11.24,26.400000000000002,2,1,0,0,0
Control,B,438,3360,b,11.1,26.400000000000002,2,0,0,1,0
Control,B,438,3361,a,11.31,26.400000000000002,1,0,0,1,0
Control,B,438,3362,a,7.51,26.400000000000002,3,0,0,0,1
Control,B,438,3362,b,9.53,26.400000000000002,3,0,0,1,0
Control,B,438,3362,c,7.78,26.400000000000002,3,0,0,0,1
Control,B,438,3363,a,7.25,26.400000000000002,4,0,1,0,0
Control,B,438,3363,b,8.33,26.400000000000002,4,0,1,0,0
Control,B,438,3363,c,8.08,26.400000000000002,4,0,1,0,0
Control,B,438,3363,d,8.08,26.400000000000002,4,0,0,1,0
Control,B,438,3364,a,8.46,26.400000000000002,4,0,1,0,0
Control,B,438,3364,b,8.77,26.400000000000002,4,0,1,0,0
Control,B,438,3364,c,8.77,26.400000000000002,4,0,1,0,0
Control,B,438,3364,d,8.02,26.400000000000002,4,0,1,0,0
Ectoparasitoid exclusion,B,48,3376,a,10.03,20,1,1,0,0,0
Ectoparasitoid exclusion,B,48,3377,a,9.15,20,3,0,0,0,0
Ectoparasitoid exclusion,B,48,3377,b,10.05,20,3,2,0,0,0
Ectoparasitoid exclusion,B,48,3377,c,9.69,20,3,2,0,0,0
Ectoparasitoid exclusion,B,48,3378,a,6.2,20,3,1,0,0,0
Ectoparasitoid exclusion,B,48,3378,b,7.43,20,3,1,0,0,0
Ectoparasitoid exclusion,B,48,3378,c,7.32,20,3,0,1,0,0
Ectoparasitoid exclusion,B,48,3379,a,10.41,20,3,1,0,0,0
Ectoparasitoid exclusion,B,48,3379,b,11.34,20,3,1,0,0,0
Ectoparasitoid exclusion,B,48,3379,c,10.41,20,3,1,0,0,0
Ectoparasitoid exclusion,B,48,3380,a,4.74,20,1,0,1,0,0
Ectoparasitoid exclusion,B,48,3381,a,5.28,20,3,1,0,0,0
Ectoparasitoid exclusion,B,48,3381,b,5.17,20,3,1,0,0,0
Ectoparasitoid exclusion,B,48,3381,c,4.83,20,3,1,0,0,0
Ectoparasitoid exclusion,B,48,3382,a,11.32,20,3,1,0,0,0
Ectoparasitoid exclusion,B,48,3382,b,11.26,20,3,1,0,0,0
Ectoparasitoid exclusion,B,48,3382,c,11.32,20,3,0,0,0,1
Ectoparasitoid exclusion,B,48,3383,a,4.8,20,7,0,1,0,0
Ectoparasitoid exclusion,B,48,3383,b,5.44,20,7,0,1,0,0
Ectoparasitoid exclusion,B,48,3383,c,6.78,20,7,0,1,0,0
Ectoparasitoid exclusion,B,48,3383,d,6.41,20,7,1,0,0,0
Ectoparasitoid exclusion,B,48,3383,e,6.21,20,7,0,0,0,1
Ectoparasitoid exclusion,B,48,3383,f,6.79,20,7,1,0,0,0
Ectoparasitoid exclusion,B,48,3383,g,6.79,20,7,1,0,0,0
Control,B,543,3785,a,10.64,30.666666666666664,2,0,0,0,1
Control,B,543,3785,b,10.42,30.666666666666664,2,0,0,0,1
Control,B,543,3786,a,7.55,30.666666666666664,1,0,0,1,0
Control,B,543,3787,a,10.28,30.666666666666664,4,1,0,0,0
Control,B,543,3787,b,10.14,30.666666666666664,4,1,0,0,0
Control,B,543,3787,c,7.79,30.666666666666664,4,0,0,0,0
Control,B,543,3787,d,6.02,30.666666666666664,4,0,0,1,0
Control,B,543,3788,a,9.17,30.666666666666664,4,0,0,1,0
Control,B,543,3788,b,9.29,30.666666666666664,4,1,0,0,0
Control,B,543,3788,c,8.4,30.666666666666664,4,0,0,0,0
Control,B,543,3788,d,9.68,30.666666666666664,4,1,0,0,0
Control,B,543,3789,a,7.41,30.666666666666664,3,1,0,0,0
Control,B,543,3789,b,9.17,30.666666666666664,3,1,0,0,0
Control,B,543,3789,c,8.96,30.666666666666664,3,0,1,0,0
Control,B,543,3790,a,10.29,30.666666666666664,4,1,0,0,0
Control,B,543,3790,b,10.18,30.666666666666664,4,1,0,0,0
Control,B,543,3790,c,10.67,30.666666666666664,4,0,0,0,1
Control,B,543,3790,d,10.82,30.666666666666664,4,0,0,0,1
Control,B,543,3791,a,7.87,30.666666666666664,2,0,0,0,0
Control,B,543,3791,b,8.07,30.666666666666664,2,1,0,0,0
Control,B,543,3792,a,7.1,30.666666666666664,2,0,0,0,1
Control,B,543,3792,b,7.5,30.666666666666664,2,0,0,0,1
Control,B,543,3793,a,8.28,30.666666666666664,8,0,0,0,1
Control,B,543,3793,b,9.79,30.666666666666664,8,1,0,0,0
Control,B,543,3793,c,10.14,30.666666666666664,8,0,1,0,0
Control,B,543,3793,d,8.84,30.666666666666664,8,0,2,0,0
Control,B,543,3793,e,8.13,30.666666666666664,8,0,0,0,1
Control,B,543,3793,f,7.75,30.666666666666664,8,0,0,0,1
Control,B,543,3793,g,8.28,30.666666666666664,8,0,1,0,0
Control,B,543,3793,h,8.13,30.666666666666664,8,0,0,0,1
Control,B,543,3794,a,11.34,30.666666666666664,4,1,0,0,0
Control,B,543,3794,b,9.22,30.666666666666664,4,0,0,1,0
Control,B,543,3794,c,11.34,30.666666666666664,4,0,0,1,0
Control,B,543,3794,d,11.34,30.666666666666664,4,0,0,0,1
Control,B,543,3795,a,11,30.666666666666664,3,1,0,0,0
Control,B,543,3795,b,11.37,30.666666666666664,3,0,0,0,0
Control,B,543,3795,c,9.87,30.666666666666664,3,0,0,1,0
Control,B,543,3796,a,6.4,30.666666666666664,4,0,1,0,0
Control,B,543,3796,b,5.81,30.666666666666664,4,0,1,0,0
Control,B,543,3796,c,6.83,30.666666666666664,4,0,1,0,0
Control,B,543,3796,d,7.07,30.666666666666664,4,0,0,1,0
Ectoparasitoid exclusion,B,553,3332,a,6.03,54.54545454545454,2,0,1,0,0
Ectoparasitoid exclusion,B,553,3332,b,7.86,54.54545454545454,2,0,0,1,0
Ectoparasitoid exclusion,B,553,3333,a,7.37,54.54545454545454,2,0,1,0,0
Ectoparasitoid exclusion,B,553,3333,b,7.89,54.54545454545454,2,0,1,0,0
Ectoparasitoid exclusion,B,553,3334,a,7.61,54.54545454545454,2,0,0,0,1
Ectoparasitoid exclusion,B,553,3334,b,7.89,54.54545454545454,2,0,1,0,0
Ectoparasitoid exclusion,B,553,3335,a,9.4,54.54545454545454,1,1,0,0,0
Ectoparasitoid exclusion,B,553,3336,a,6.51,54.54545454545454,2,0,0,0,1
Ectoparasitoid exclusion,B,553,3336,b,6.12,54.54545454545454,2,0,0,0,1
Ectoparasitoid exclusion,B,553,3337,a,10,54.54545454545454,3,1,0,0,0
Ectoparasitoid exclusion,B,553,3337,b,13.4,54.54545454545454,3,1,0,0,0
Ectoparasitoid exclusion,B,553,3337,c,11.65,54.54545454545454,3,1,0,0,0
Ectoparasitoid exclusion,B,553,3338,a,6.42,54.54545454545454,3,0,1,0,0
Ectoparasitoid exclusion,B,553,3338,b,8.38,54.54545454545454,3,1,0,0,0
Ectoparasitoid exclusion,B,553,3338,c,10.24,54.54545454545454,3,1,0,0,0
Ectoparasitoid exclusion,B,553,3339,a,6.45,54.54545454545454,4,0,1,0,0
Ectoparasitoid exclusion,B,553,3339,b,7.45,54.54545454545454,4,1,0,0,0
Ectoparasitoid exclusion,B,553,3339,c,8.9,54.54545454545454,4,1,0,0,0
Ectoparasitoid exclusion,B,553,3339,d,10.34,54.54545454545454,4,1,0,0,0
Control,B,631,281,a,8.65,19.090909090909093,4,1,0,0,0
Control,B,631,281,b,7.52,19.090909090909093,4,0,0,1,0
Control,B,631,281,c,7.52,19.090909090909093,4,0,0,1,0
Control,B,631,281,d,8.65,19.090909090909093,4,0,0,1,0
Control,B,631,282,a,8.1,19.090909090909093,5,0,0,1,0
Control,B,631,282,b,8,19.090909090909093,5,0,1,0,0
Control,B,631,282,c,8,19.090909090909093,5,0,1,0,0
Control,B,631,282,d,8,19.090909090909093,5,0,1,0,0
Control,B,631,282,e,8,19.090909090909093,5,0,1,0,0
Control,B,631,283,a,6.45,19.090909090909093,2,0,1,0,0
Control,B,631,283,b,6.45,19.090909090909093,2,0,1,0,0
Control,B,631,284,a,7.9,19.090909090909093,2,1,0,0,0
Control,B,631,284,b,7.3,19.090909090909093,2,1,0,0,0
Control,B,631,285,a,9.7,19.090909090909093,3,0,0,0,0
Control,B,631,285,b,7.9,19.090909090909093,3,0,0,0,0
Control,B,631,285,c,7.9,19.090909090909093,3,0,0,1,0
Control,B,631,286,a,7.2,19.090909090909093,2,0,0,1,0
Control,B,631,286,b,6.35,19.090909090909093,2,0,1,0,0
Control,B,631,287,a,7.85,19.090909090909093,2,0,0,1,0
Control,B,631,287,b,6.85,19.090909090909093,2,0,0,0,1
Control,B,631,288,a,5.75,19.090909090909093,8,1,0,0,0
Control,B,631,288,b,10,19.090909090909093,8,1,0,0,0
Control,B,631,288,c,10,19.090909090909093,8,1,0,0,0
Control,B,631,288,d,10,19.090909090909093,8,1,0,0,0
Control,B,631,288,e,10,19.090909090909093,8,1,0,0,0
Control,B,631,288,f,10,19.090909090909093,8,1,0,0,0
Control,B,631,288,g,10,19.090909090909093,8,1,0,0,0
Control,B,631,288,h,10,19.090909090909093,8,1,0,0,0
Ectoparasitoid exclusion,B,82,359,a,7.75,10.476190476190476,3,1,0,0,0
Ectoparasitoid exclusion,B,82,359,b,7.75,10.476190476190476,3,1,0,0,0
Ectoparasitoid exclusion,B,82,359,c,6.8,10.476190476190476,3,1,0,0,0
Ectoparasitoid exclusion,B,82,360,a,10.7,10.476190476190476,2,1,0,0,0
Ectoparasitoid exclusion,B,82,360,b,9.65,10.476190476190476,2,0,1,0,0
Ectoparasitoid exclusion,B,82,361,a,9.65,10.476190476190476,1,1,0,0,0
Ectoparasitoid exclusion,B,82,362,a,5.35,10.476190476190476,1,0,0,0,1
Ectoparasitoid exclusion,B,82,363,a,10,10.476190476190476,1,0,1,0,0
Ectoparasitoid exclusion,B,82,364,a,8.7,10.476190476190476,1,0,1,0,0
Ectoparasitoid exclusion,B,82,365,a,7.05,10.476190476190476,1,0,1,0,0
Control,B,85,790,a,10.65,37.64705882352941,1,0,0,0,1
Control,B,85,791,a,13.95,37.64705882352941,1,1,0,0,0
Control,B,85,792,a,11.75,37.64705882352941,2,1,0,0,0
Control,B,85,792,b,11.6,37.64705882352941,2,0,0,0,0
Control,B,85,793,a,5.2,37.64705882352941,2,0,0,0,1
Control,B,85,793,b,6.1,37.64705882352941,2,0,0,0,1
Control,B,85,794,a,11.5,37.64705882352941,5,1,0,0,0
Control,B,85,794,b,10.5,37.64705882352941,5,1,0,0,0
Control,B,85,794,c,10.3,37.64705882352941,5,1,0,0,0
Control,B,85,794,d,10.3,37.64705882352941,5,1,0,0,0
Control,B,85,794,e,10.3,37.64705882352941,5,1,0,0,0
Control,B,85,795,a,6.6,37.64705882352941,2,1,0,0,0
Control,B,85,795,b,7.3,37.64705882352941,2,0,1,0,0
Control,B,85,796,a,6.65,37.64705882352941,1,1,0,0,0
Control,B,85,797,a,7.25,37.64705882352941,1,0,0,0,1
Control,B,85,798,a,9.6,37.64705882352941,2,1,0,0,0
Control,B,85,798,b,12.2,37.64705882352941,2,1,0,0,0
Control,B,93,1048,a,9.8,27.61904761904762,2,0,0,1,0
Control,B,93,1048,b,8.2,27.61904761904762,2,0,0,1,0
Control,B,93,1049,a,7.65,27.61904761904762,2,0,0,1,0
Control,B,93,1049,b,6.65,27.61904761904762,2,1,0,0,0
Control,B,93,1050,a,3.8,27.61904761904762,1,0,0,0,1
Control,B,93,1051,a,7.85,27.61904761904762,2,1,0,0,0
Control,B,93,1051,b,7.8,27.61904761904762,2,1,0,0,0
Control,B,93,1052,a,8.05,27.61904761904762,1,1,0,0,0
Control,B,93,1053,a,6.95,27.61904761904762,2,1,0,0,0
Control,B,93,1053,b,8,27.61904761904762,2,0,0,0,1
Control,B,93,1054,a,5.9,27.61904761904762,1,0,1,0,0
Ectoparasitoid exclusion,J,148,2561,a,6.6,0.8,2,1,0,0,0
Ectoparasitoid exclusion,J,148,2561,b,7.1,0.8,2,1,0,0,0
Ectoparasitoid exclusion,J,148,2562,a,3.45,0.8,1,0,1,0,0
Control,J,175,3143,a,7.89,2.5,2,0,1,0,0
Control,J,175,3143,b,8.02,2.5,2,0,1,0,0
Control,J,175,3144,a,8.24,2.5,2,1,0,0,0
Control,J,175,3144,b,7.36,2.5,2,1,0,0,0
Control,J,175,3145,a,4.42,2.5,1,0,0,1,0
Control,J,175,3146,a,3.03,2.5,1,0,0,0,1
Control,J,178,207,a,7.55,13.333333333333334,5,0,1,0,0
Control,J,178,207,b,7.5,13.333333333333334,5,0,1,0,0
Control,J,178,207,c,5.85,13.333333333333334,5,0,0,0,1
Control,J,178,207,d,7.55,13.333333333333334,5,0,0,0,1
Control,J,178,207,e,7.5,13.333333333333334,5,0,0,0,1
Control,J,246,2986,a,7.69,3.076923076923077,3,0,0,1,0
Control,J,246,2986,b,6.76,3.076923076923077,3,1,0,0,0
Control,J,246,2986,c,6.16,3.076923076923077,3,1,0,0,0
Control,J,246,2987,a,4.51,3.076923076923077,2,1,0,0,0
Control,J,246,2987,b,4.79,3.076923076923077,2,1,0,0,0
Control,J,246,2988,a,2.75,3.076923076923077,1,0,0,0,1
Control,J,246,2989,a,5.99,3.076923076923077,1,0,0,1,0
Ectoparasitoid exclusion,J,41,2952,a,6.96,6.315789473684211,1,1,0,0,0
Ectoparasitoid exclusion,J,41,2953,a,4.11,6.315789473684211,1,0,1,0,0
Ectoparasitoid exclusion,J,5,2286,a,9.52,3.125,3,1,0,0,0
Ectoparasitoid exclusion,J,5,2286,b,10.81,3.125,3,2,0,0,0
Ectoparasitoid exclusion,J,5,2286,c,9.46,3.125,3,1,0,0,0
Ectoparasitoid exclusion,J,5,2287,a,8.21,3.125,2,1,0,0,0
Ectoparasitoid exclusion,J,5,2287,b,6.92,3.125,2,1,0,0,0
Ectoparasitoid exclusion,J,5,2288,a,3.82,3.125,1,0,1,0,0
Ectoparasitoid exclusion,J,5,2289,a,7.52,3.125,1,1,0,0,0
Ectoparasitoid exclusion,J,516,618,a,4.9,0,1,1,0,0,0
Control,J,538,3639,a,6.79,10.4,1,0,0,0,1
Ectoparasitoid exclusion,J,540,838,a,8.4,5,3,1,0,0,0
Ectoparasitoid exclusion,J,540,838,b,7.45,5,3,1,0,0,0
Ectoparasitoid exclusion,J,540,838,c,7.45,5,3,1,0,0,0
Ectoparasitoid exclusion,J,540,839,a,8.35,5,2,0,0,0,0
Ectoparasitoid exclusion,J,540,839,b,9.5,5,2,0,0,0,0
Ectoparasitoid exclusion,J,540,840,a,4.9,5,2,0,0,0,1
Ectoparasitoid exclusion,J,540,840,b,4.8,5,2,1,0,0,0
Ectoparasitoid exclusion,J,540,841,a,3.8,5,2,0,1,0,0
Ectoparasitoid exclusion,J,540,841,b,3.5,5,2,0,1,0,0
Ectoparasitoid exclusion,J,540,842,a,7.95,5,2,1,0,0,0
Ectoparasitoid exclusion,J,540,842,b,6.5,5,2,1,0,0,0
Ectoparasitoid exclusion,J,540,843,a,6.9,5,1,0,1,0,0
Ectoparasitoid exclusion,J,540,844,a,3.8,5,1,0,1,0,0
Ectoparasitoid exclusion,J,559,734,a,8.33,4.761904761904762,3,0,0,0,1
Ectoparasitoid exclusion,J,559,734,a,8.33,4.761904761904762,1,0,0,0,1
Ectoparasitoid exclusion,J,559,739,a,7.1,4.761904761904762,1,1,0,0,0
Ectoparasitoid exclusion,J,559,741,a,4.7,4.761904761904762,1,0,1,0,0
Ectoparasitoid exclusion,J,559,742,a,5.25,4.761904761904762,2,0,0,0,1
Ectoparasitoid exclusion,J,559,742,b,5.65,4.761904761904762,2,1,0,0,0
Ectoparasitoid exclusion,J,559,743,a,6.4,4.761904761904762,1,1,0,0,0
Ectoparasitoid exclusion,J,559,744,a,4.7,4.761904761904762,1,1,0,0,0
Ectoparasitoid exclusion,J,559,745,a,4.6,4.761904761904762,1,0,0,0,1
Ectoparasitoid exclusion,J,559,746,a,3.15,4.761904761904762,1,1,0,0,0
Control,J,564,3253,a,9.11,2.5,2,0,0,1,0
Control,J,564,3253,b,10.16,2.5,2,0,0,1,0
Control,J,564,3254,a,6.15,2.5,2,0,1,0,0
Control,J,564,3254,b,5.07,2.5,2,1,0,0,0
Control,J,564,3255,a,5.41,2.5,5,1,0,0,0
Control,J,564,3255,b,9.83,2.5,5,1,0,0,0
Control,J,564,3255,c,9.87,2.5,5,1,0,0,0
Control,J,564,3255,d,8.93,2.5,5,0,0,1,0
Control,J,564,3255,e,9.83,2.5,5,1,0,0,0
Control,J,564,3256,a,5.9,2.5,3,0,0,0,0
Control,J,564,3256,b,5.2,2.5,3,0,1,0,0
Control,J,564,3256,c,3.64,2.5,3,0,0,0,1
Control,J,564,3257,a,6.91,2.5,1,0,0,1,0
Control,J,618,3912,a,1.95,8,2,0,0,0,1
Control,J,618,3912,b,2.19,8,2,0,0,1,0
Control,J,618,3913,a,8.19,8,1,0,0,0,1
Control,J,618,3914,a,5.42,8,1,0,0,0,1
Control,J,618,3915,a,3.51,8,1,0,1,0,0
Control,J,618,3916,a,5.34,8,1,1,0,0,0
Control,J,618,3917,a,6.56,8,4,0,0,1,0
Control,J,618,3917,b,7,8,4,0,0,0,1
Control,J,618,3917,c,6.47,8,4,0,0,0,1
Control,J,618,3917,d,6.47,8,4,0,0,0,1
Control,J,618,3918,a,1.96,8,2,0,0,0,1
Control,J,618,3918,b,1.9,8,2,0,0,0,1
Ectoparasitoid exclusion,J,660,3365,a,7.86,17.333333333333336,1,0,0,0,1
Control,L,136,63,a,9,19.230769230769234,1,0,0,0,1
Control,L,136,64,a,9.1,19.230769230769234,1,0,0,0,0
Control,L,136,65,a,11.35,19.230769230769234,2,1,0,0,0
Control,L,136,65,b,10.55,19.230769230769234,2,1,0,0,0
Control,L,136,66,a,9.6,19.230769230769234,4,1,0,0,0
Control,L,136,66,b,9.5,19.230769230769234,4,0,1,0,0
Control,L,136,66,c,9.5,19.230769230769234,4,0,1,0,0
Control,L,136,66,d,9.5,19.230769230769234,4,0,0,1,0
Control,L,136,67,a,9.7,19.230769230769234,1,0,0,0,0
Control,L,136,68,a,11.3,19.230769230769234,1,1,0,0,0
Ectoparasitoid exclusion,L,188,80,a,10.25,18.181818181818183,2,1,0,0,0
Ectoparasitoid exclusion,L,188,80,b,6.6,18.181818181818183,2,0,1,0,0
Ectoparasitoid exclusion,L,188,81,a,9.15,18.181818181818183,1,0,0,0,1
Ectoparasitoid exclusion,L,188,82,a,7.4,18.181818181818183,1,1,0,0,0
Ectoparasitoid exclusion,L,188,83,a,10.25,18.181818181818183,1,1,0,0,0
Ectoparasitoid exclusion,L,188,84,a,8.3,18.181818181818183,1,0,0,0,1
Ectoparasitoid exclusion,L,3,2408,a,14.19,10,3,1,0,0,0
Ectoparasitoid exclusion,L,3,2408,b,12.85,10,3,1,0,0,0
Ectoparasitoid exclusion,L,3,2408,c,14.19,10,3,1,0,0,0
Ectoparasitoid exclusion,L,3,2409,a,12.13,10,1,1,0,0,0
Ectoparasitoid exclusion,L,3,2410,a,10.28,10,8,1,0,0,0
Ectoparasitoid exclusion,L,3,2410,b,11.07,10,8,1,0,0,0
Ectoparasitoid exclusion,L,3,2410,c,9.85,10,8,0,0,0,1
Ectoparasitoid exclusion,L,3,2410,d,8.68,10,8,1,0,0,0
Ectoparasitoid exclusion,L,3,2410,e,10.15,10,8,1,0,0,0
Ectoparasitoid exclusion,L,3,2410,f,12.42,10,8,1,0,0,0
Ectoparasitoid exclusion,L,3,2410,g,12.42,10,8,1,0,0,0
Ectoparasitoid exclusion,L,3,2410,h,9.53,10,8,1,0,0,0
Ectoparasitoid exclusion,L,3,2411,a,9.67,10,1,1,0,0,0
Ectoparasitoid exclusion,L,409,3640,a,11.93,17.93103448275862,2,1,0,0,0
Ectoparasitoid exclusion,L,409,3640,b,11.28,17.93103448275862,2,1,0,0,0
Ectoparasitoid exclusion,L,409,3641,a,7.54,17.93103448275862,4,1,0,0,0
Ectoparasitoid exclusion,L,409,3641,b,10.66,17.93103448275862,4,1,0,0,0
Ectoparasitoid exclusion,L,409,3641,c,9.89,17.93103448275862,4,1,0,0,0
Ectoparasitoid exclusion,L,409,3641,d,11.5,17.93103448275862,4,1,0,0,0
Ectoparasitoid exclusion,L,409,3642,a,13.45,17.93103448275862,2,1,0,0,0
Ectoparasitoid exclusion,L,409,3642,b,14.7,17.93103448275862,2,2,0,0,0
Ectoparasitoid exclusion,L,409,3643,a,12.97,17.93103448275862,5,1,0,0,0
Ectoparasitoid exclusion,L,409,3643,b,13.04,17.93103448275862,5,1,0,0,0
Ectoparasitoid exclusion,L,409,3643,c,12.96,17.93103448275862,5,1,0,0,0
Ectoparasitoid exclusion,L,409,3643,d,11.68,17.93103448275862,5,1,0,0,0
Ectoparasitoid exclusion,L,409,3643,e,11.48,17.93103448275862,5,0,0,1,0
Ectoparasitoid exclusion,L,413,2259,a,8.18,11.428571428571429,2,1,0,0,0
Ectoparasitoid exclusion,L,413,2259,b,8.29,11.428571428571429,2,0,0,1,0
Ectoparasitoid exclusion,L,435,115,a,6.45,39.09090909090909,3,0,1,0,0
Ectoparasitoid exclusion,L,435,115,b,6.6,39.09090909090909,3,0,1,0,0
Ectoparasitoid exclusion,L,435,115,c,6.6,39.09090909090909,3,0,1,0,0
Ectoparasitoid exclusion,L,530,3723,a,7.21,14.545454545454545,2,0,1,0,0
Ectoparasitoid exclusion,L,530,3723,b,5.93,14.545454545454545,2,0,0,0,1
Control,L,554,157,a,5.3,24.09090909090909,1,0,1,0,0
Control,L,554,158,a,6.85,24.09090909090909,1,0,0,1,0
Control,L,554,159,a,8.2,24.09090909090909,2,0,0,0,1
Control,L,554,159,b,8.1,24.09090909090909,2,0,0,0,1
Control,L,554,160,a,6.95,24.09090909090909,1,0,0,1,0
Control,L,554,161,a,9.15,24.09090909090909,3,0,0,0,1
Control,L,554,161,b,9.7,24.09090909090909,3,0,0,0,1
Control,L,554,161,c,9.15,24.09090909090909,3,0,0,0,1
Ectoparasitoid exclusion,L,61,125,a,9.3,11.03448275862069,2,1,0,0,0
Ectoparasitoid exclusion,L,61,125,b,9.3,11.03448275862069,2,0,1,0,0
Ectoparasitoid exclusion,L,61,126,a,8.15,11.03448275862069,2,0,0,1,0
Ectoparasitoid exclusion,L,61,126,b,8.15,11.03448275862069,2,0,1,0,0
Ectoparasitoid exclusion,L,61,127,a,6.15,11.03448275862069,2,0,1,0,0
Ectoparasitoid exclusion,L,61,127,b,6.15,11.03448275862069,2,0,1,0,0
Ectoparasitoid exclusion,L,61,128,a,10.55,11.03448275862069,2,1,0,0,0
Ectoparasitoid exclusion,L,61,128,b,8,11.03448275862069,2,0,0,0,1
Control,L,630,2691,a,10.32,26.31578947368421,1,0,0,0,1
Control,L,630,2692,a,9,26.31578947368421,4,0,0,0,1
Control,L,630,2692,b,11.05,26.31578947368421,4,0,1,0,0
Control,L,630,2692,c,10.2,26.31578947368421,4,0,1,0,0
Control,L,630,2692,d,10.2,26.31578947368421,4,0,0,0,1
Control,L,630,2693,a,7.84,26.31578947368421,2,0,0,0,1
Control,L,630,2693,b,7.12,26.31578947368421,2,0,0,0,1
Control,L,630,2694,a,10.4,26.31578947368421,2,0,0,1,0
Control,L,630,2694,b,10.4,26.31578947368421,2,0,0,0,1
Control,L,630,2695,a,6.11,26.31578947368421,3,0,0,0,1
Control,L,630,2695,b,6.06,26.31578947368421,3,0,0,0,1
Control,L,630,2695,c,5.23,26.31578947368421,3,0,0,0,1
Control,L,630,2696,a,6.69,26.31578947368421,2,0,0,0,1
Control,L,630,2696,b,9.1,26.31578947368421,2,0,0,1,0
Ectoparasitoid exclusion,L,637,2801,a,6.84,33.04347826086956,5,0,1,0,0
Ectoparasitoid exclusion,L,637,2801,b,7.31,33.04347826086956,5,0,1,0,0
Ectoparasitoid exclusion,L,637,2801,c,6.79,33.04347826086956,5,0,1,0,0
Ectoparasitoid exclusion,L,637,2801,d,6.84,33.04347826086956,5,0,1,0,0
Ectoparasitoid exclusion,L,637,2801,e,7.31,33.04347826086956,5,0,1,0,0
Control,L,661,2449,a,12.69,22.22222222222222,3,0,0,0,0
Control,L,661,2449,b,13.23,22.22222222222222,3,0,0,1,0
Control,L,661,2449,c,10.99,22.22222222222222,3,1,0,0,0
Control,L,661,2450,a,9.12,22.22222222222222,8,1,0,0,0
Control,L,661,2450,b,10.37,22.22222222222222,8,0,0,0,1
Control,L,661,2450,c,9.7,22.22222222222222,8,0,0,0,0
Control,L,661,2450,d,10.64,22.22222222222222,8,0,0,0,1
Control,L,661,2450,e,12.47,22.22222222222222,8,1,0,0,0
Control,L,661,2450,f,10.94,22.22222222222222,8,0,0,0,1
Control,L,661,2450,g,9.78,22.22222222222222,8,1,0,0,0
Control,L,661,2450,h,10.37,22.22222222222222,8,0,0,0,0
Control,L,661,2451,a,4.68,22.22222222222222,2,0,0,0,0
Control,L,661,2451,b,6,22.22222222222222,2,0,0,0,0
Control,L,661,2452,a,7.76,22.22222222222222,1,1,0,0,0
Control,L,661,2453,a,6.98,22.22222222222222,2,0,0,1,0
Control,L,661,2453,b,8.06,22.22222222222222,2,0,0,1,0
Control,L,661,2454,a,7,22.22222222222222,1,0,0,0,0
Control,L,661,2455,a,7.93,22.22222222222222,2,0,0,0,1
Control,L,661,2455,b,7.23,22.22222222222222,2,0,0,1,0
Control,L,663,2442,a,7.14,15,2,0,0,0,1
Control,L,663,2442,b,8.55,15,2,0,1,0,0
Control,L,663,2443,a,6.69,15,1,0,0,1,0
Control,L,663,2444,a,8.66,15,2,0,0,0,1
Control,L,663,2444,b,9.35,15,2,1,0,0,0
Control,L,663,2445,a,5.58,15,4,0,0,0,1
Control,L,663,2445,b,6.89,15,4,0,0,1,0
Control,L,663,2445,c,7.9,15,4,0,0,1,0
Control,L,663,2445,d,7.9,15,4,0,0,1,0
Control,L,663,2446,a,9.74,15,1,0,0,1,0
Control,L,663,2447,a,7.04,15,2,0,0,1,0
Control,L,663,2447,b,7.4,15,2,0,0,1,0
Control,L,663,2448,a,5.71,15,7,0,0,0,1
Control,L,663,2448,b,8.31,15,7,0,0,1,0
Control,L,663,2448,c,8.47,15,7,0,0,0,1
Control,L,663,2448,d,7.72,15,7,0,0,1,0
Control,L,663,2448,e,5.71,15,7,0,0,0,1
Control,L,663,2448,f,8.31,15,7,0,1,0,0
Control,L,663,2448,g,7.72,15,7,0,0,1,0
Control,L,96,2580,a,7.85,21.904761904761905,1,0,0,1,0
Control,L,96,2581,a,10.02,21.904761904761905,2,0,0,0,1
Control,L,96,2581,b,9.24,21.904761904761905,2,0,0,0,1
Control,L,96,2582,a,8.8,21.904761904761905,1,0,0,0,1
Control,L,96,2583,a,7.85,21.904761904761905,2,0,1,0,0
Control,L,96,2583,b,6.35,21.904761904761905,2,0,1,0,0
Control,T,101,5031,a,9.4,18.666666666666668,2,0,1,0,0
Control,T,101,5031,b,9,18.666666666666668,2,0,0,0,1
Control,T,101,5032,a,10.55,18.666666666666668,3,1,0,0,0
Control,T,101,5032,b,11.2,18.666666666666668,3,0,0,0,0
Control,T,101,5032,c,10,18.666666666666668,3,0,0,1,0
Control,T,101,5033,a,8,18.666666666666668,1,0,0,1,0
Control,T,101,5034,a,10.75,18.666666666666668,2,0,1,0,0
Control,T,101,5034,b,10.75,18.666666666666668,2,1,0,0,0
Control,T,101,5035,a,12.85,18.666666666666668,5,1,0,0,0
Control,T,101,5035,b,12.65,18.666666666666668,5,0,1,0,0
Control,T,101,5035,c,12.7,18.666666666666668,5,0,1,0,0
Control,T,101,5035,d,10.65,18.666666666666668,5,1,0,0,0
Control,T,101,5035,e,12.85,18.666666666666668,5,1,0,0,0
Control,T,101,5036,a,6.6,18.666666666666668,1,0,0,0,0
Control,T,101,5037,a,7.6,18.666666666666668,2,0,0,1,0
Control,T,101,5037,b,8.2,18.666666666666668,2,0,0,0,0
Control,T,101,5038,a,7.45,18.666666666666668,1,0,0,1,0
Control,T,101,5039,a,10.25,18.666666666666668,1,0,0,0,1
Control,T,101,5040,a,13.8,18.666666666666668,6,0,0,0,0
Control,T,101,5040,b,13.65,18.666666666666668,6,1,0,0,0
Control,T,101,5040,c,12.8,18.666666666666668,6,1,0,0,0
Control,T,101,5040,d,13.3,18.666666666666668,6,0,0,0,0
Control,T,101,5040,e,8.1,18.666666666666668,6,0,0,0,1
Control,T,101,5040,f,12,18.666666666666668,6,0,0,0,0
Control,T,113,661,a,9.3,18.75,1,0,0,0,0
Control,T,113,662,a,9.8,18.75,1,0,0,0,1
Control,T,113,663,a,9.9,18.75,2,1,0,0,0
Control,T,113,663,b,9.9,18.75,2,0,0,0,0
Control,T,113,664,a,8.75,18.75,2,1,0,0,0
Control,T,113,664,b,8.75,18.75,2,0,0,1,0
Control,T,113,670,a,9.2,18.75,1,0,0,0,0
Control,T,113,671,a,6.95,18.75,3,1,0,0,0
Control,T,113,671,b,6.5,18.75,3,0,0,0,1
Control,T,113,671,c,8,18.75,3,0,0,1,0
Control,T,113,672,a,11.15,18.75,2,1,0,0,0
Control,T,113,672,b,6.95,18.75,2,0,0,0,1
Control,T,113,673,a,6.75,18.75,1,0,0,0,0
Control,T,113,674,a,10.5,18.75,5,1,0,0,0
Control,T,113,674,b,10.6,18.75,5,1,0,0,0
Control,T,113,674,c,11.6,18.75,5,1,0,0,0
Control,T,113,674,d,9.55,18.75,5,1,0,0,0
Control,T,113,674,e,9.55,18.75,5,0,0,0,1
Control,T,113,675,a,9.75,18.75,7,0,0,0,1
Control,T,113,675,b,10.5,18.75,7,0,1,0,0
Control,T,113,675,c,7.7,18.75,7,0,0,1,0
Control,T,113,675,d,10.1,18.75,7,0,0,0,1
Control,T,113,675,e,10.5,18.75,7,0,1,0,0
Control,T,113,675,f,10.4,18.75,7,0,1,0,0
Control,T,113,675,g,10.5,18.75,7,0,1,0,0
Control,T,113,676,a,7.2,18.75,2,0,0,0,1
Control,T,113,676,b,8.7,18.75,2,0,1,0,0
Control,T,113,677,a,7,18.75,1,0,1,0,0
Ectoparasitoid exclusion,T,126,2437,a,6.66,20.952380952380953,2,1,0,0,0
Ectoparasitoid exclusion,T,126,2437,b,6.88,20.952380952380953,2,0,0,0,0
Ectoparasitoid exclusion,T,126,2438,a,11.07,20.952380952380953,3,3,0,0,0
Ectoparasitoid exclusion,T,126,2438,b,11.91,20.952380952380953,3,1,0,0,0
Ectoparasitoid exclusion,T,126,2438,c,11.08,20.952380952380953,3,1,0,0,0
Ectoparasitoid exclusion,T,126,2439,a,10.98,20.952380952380953,1,1,0,0,0
Ectoparasitoid exclusion,T,126,2440,a,9.67,20.952380952380953,1,1,0,0,0
Ectoparasitoid exclusion,T,126,2441,a,10.36,20.952380952380953,4,0,1,0,0
Ectoparasitoid exclusion,T,126,2441,b,11.95,20.952380952380953,4,1,0,0,0
Ectoparasitoid exclusion,T,126,2441,c,8.7,20.952380952380953,4,1,0,0,0
Ectoparasitoid exclusion,T,126,2441,d,8.37,20.952380952380953,4,0,0,1,0
Ectoparasitoid exclusion,T,165,2362,a,8.44,41.17647058823529,4,1,0,0,0
Ectoparasitoid exclusion,T,165,2362,b,7.5,41.17647058823529,4,1,0,0,0
Ectoparasitoid exclusion,T,165,2362,c,6.81,41.17647058823529,4,1,0,0,0
Ectoparasitoid exclusion,T,165,2362,d,6.24,41.17647058823529,4,1,0,0,0
Ectoparasitoid exclusion,T,165,2363,a,10.04,41.17647058823529,1,1,0,0,0
Ectoparasitoid exclusion,T,165,2364,a,12.31,41.17647058823529,4,0,2,0,0
Ectoparasitoid exclusion,T,165,2364,b,12.31,41.17647058823529,4,2,0,0,0
Ectoparasitoid exclusion,T,165,2364,c,11.1,41.17647058823529,4,0,1,0,0
Ectoparasitoid exclusion,T,165,2364,d,12.33,41.17647058823529,4,1,0,0,0
Ectoparasitoid exclusion,T,165,2365,a,11.01,41.17647058823529,1,1,0,0,0
Ectoparasitoid exclusion,T,165,2366,a,10.89,41.17647058823529,2,1,0,0,0
Ectoparasitoid exclusion,T,165,2366,b,10.47,41.17647058823529,2,1,0,0,0
Ectoparasitoid exclusion,T,165,2367,a,9.51,41.17647058823529,3,1,0,0,0
Ectoparasitoid exclusion,T,165,2367,b,9.46,41.17647058823529,3,1,0,0,0
Ectoparasitoid exclusion,T,165,2367,c,8.85,41.17647058823529,3,0,0,1,0
Ectoparasitoid exclusion,T,165,2368,a,8.47,41.17647058823529,1,0,1,0,0
Ectoparasitoid exclusion,T,165,2369,a,13.72,41.17647058823529,3,1,0,0,0
Ectoparasitoid exclusion,T,165,2369,b,8.31,41.17647058823529,3,0,0,0,1
Ectoparasitoid exclusion,T,165,2369,c,13.72,41.17647058823529,3,1,0,0,0
Ectoparasitoid exclusion,T,165,2370,a,8.64,41.17647058823529,2,1,0,0,0
Ectoparasitoid exclusion,T,165,2370,b,7.69,41.17647058823529,2,1,0,0,0
Ectoparasitoid exclusion,T,165,2371,a,11.01,41.17647058823529,2,1,0,0,0
Ectoparasitoid exclusion,T,165,2371,b,9.47,41.17647058823529,2,1,0,0,0
Ectoparasitoid exclusion,T,165,2372,a,8.47,41.17647058823529,2,0,1,0,0
Ectoparasitoid exclusion,T,165,2372,b,8.21,41.17647058823529,2,0,1,0,0
Ectoparasitoid exclusion,T,165,2373,a,9.17,41.17647058823529,1,0,1,0,0
Ectoparasitoid exclusion,T,165,2374,a,6.57,41.17647058823529,1,0,1,0,0
Ectoparasitoid exclusion,T,165,2375,a,8.03,41.17647058823529,1,1,0,0,0
Control,T,173,604,a,8.5,14.615384615384617,2,1,0,0,0
Control,T,173,604,b,8.85,14.615384615384617,2,1,0,0,0
Control,T,173,605,a,8.75,14.615384615384617,1,1,0,0,0
Control,T,173,606,a,8.15,14.615384615384617,1,0,0,1,0
Control,T,173,607,a,9.15,14.615384615384617,1,1,0,0,0
Control,T,173,608,a,7.9,14.615384615384617,2,0,1,0,0
Control,T,173,608,b,7.9,14.615384615384617,2,0,1,0,0
Control,T,173,609,a,9.8,14.615384615384617,2,0,0,0,1
Control,T,173,609,b,8.4,14.615384615384617,2,0,0,0,0
Control,T,173,610,a,6.95,14.615384615384617,1,0,0,1,0
Control,T,173,611,a,7.75,14.615384615384617,1,0,0,1,0
Control,T,173,612,a,8.45,14.615384615384617,3,1,0,0,0
Control,T,173,612,b,8.25,14.615384615384617,3,1,0,0,0
Control,T,173,612,c,5.45,14.615384615384617,3,0,0,0,1
Ectoparasitoid exclusion,T,293,2792,a,9.49,17.575757575757574,2,1,0,0,0
Ectoparasitoid exclusion,T,293,2792,b,5.8,17.575757575757574,2,0,1,0,0
Ectoparasitoid exclusion,T,293,2793,a,8.97,17.575757575757574,4,0,1,0,0
Ectoparasitoid exclusion,T,293,2793,b,11.43,17.575757575757574,4,0,1,0,0
Ectoparasitoid exclusion,T,293,2793,c,10.66,17.575757575757574,4,0,1,0,0
Ectoparasitoid exclusion,T,293,2793,d,10.66,17.575757575757574,4,0,1,0,0
Ectoparasitoid exclusion,T,293,2794,a,9.61,17.575757575757574,1,1,0,0,0
Ectoparasitoid exclusion,T,293,2795,a,8.5,17.575757575757574,1,0,1,0,0
Ectoparasitoid exclusion,T,293,2796,a,11.08,17.575757575757574,1,1,0,0,0
Ectoparasitoid exclusion,T,293,2797,a,8.06,17.575757575757574,4,0,1,0,0
Ectoparasitoid exclusion,T,293,2797,b,10.68,17.575757575757574,4,1,0,0,0
Ectoparasitoid exclusion,T,293,2797,c,10.99,17.575757575757574,4,0,1,0,0
Ectoparasitoid exclusion,T,293,2797,d,10.99,17.575757575757574,4,1,0,0,0
Ectoparasitoid exclusion,T,293,2798,a,6.94,17.575757575757574,1,0,1,0,0
Ectoparasitoid exclusion,T,293,2799,a,9,17.575757575757574,1,1,0,0,0
Ectoparasitoid exclusion,T,293,2800,a,6.77,17.575757575757574,1,0,1,0,0
Control,T,341,219,a,6.45,12.380952380952381,2,0,0,1,0
Control,T,341,219,b,7.5,12.380952380952381,2,0,0,1,0
Control,T,341,220,a,11.8,12.380952380952381,2,1,0,0,0
Control,T,341,220,b,11.8,12.380952380952381,2,2,0,0,0
Control,T,341,221,a,12.8,12.380952380952381,4,1,0,0,0
Control,T,341,221,b,11.7,12.380952380952381,4,1,0,0,0
Control,T,341,221,c,10.05,12.380952380952381,4,1,0,0,0
Control,T,341,221,d,10.05,12.380952380952381,4,1,0,0,0
Control,T,341,222,a,8.15,12.380952380952381,1,0,0,1,0
Control,T,341,223,a,7.9,12.380952380952381,1,0,1,0,0
Control,T,341,224,a,8.05,12.380952380952381,2,0,1,0,0
Control,T,341,224,b,10.4,12.380952380952381,2,0,1,0,0
Control,T,341,225,a,5.25,12.380952380952381,1,0,0,0,1
Control,T,341,226,a,8.9,12.380952380952381,1,0,1,0,0
Control,T,341,227,a,5.4,12.380952380952381,1,0,0,1,0
Control,T,341,228,a,4.8,12.380952380952381,1,0,0,0,1
Control,T,341,229,a,7.45,12.380952380952381,1,0,0,1,0
Ectoparasitoid exclusion,T,343,3270,a,8.96,8.88888888888889,2,0,1,0,0
Ectoparasitoid exclusion,T,343,3270,b,9.11,8.88888888888889,2,1,0,0,0
Ectoparasitoid exclusion,T,343,3271,a,12.55,8.88888888888889,2,1,0,0,0
Ectoparasitoid exclusion,T,343,3271,b,10.66,8.88888888888889,2,1,0,0,0
Ectoparasitoid exclusion,T,343,3272,a,9.88,8.88888888888889,6,1,0,0,0
Ectoparasitoid exclusion,T,343,3272,b,10.05,8.88888888888889,6,0,1,0,0
Ectoparasitoid exclusion,T,343,3272,c,7.94,8.88888888888889,6,0,0,0,0
Ectoparasitoid exclusion,T,343,3272,d,10.01,8.88888888888889,6,1,0,0,0
Ectoparasitoid exclusion,T,343,3272,e,9.96,8.88888888888889,6,1,0,0,0
Ectoparasitoid exclusion,T,343,3272,f,9.88,8.88888888888889,6,0,1,0,0
Ectoparasitoid exclusion,T,343,3273,a,3.41,8.88888888888889,3,0,0,0,1
Ectoparasitoid exclusion,T,343,3273,b,4.58,8.88888888888889,3,1,0,0,0
Ectoparasitoid exclusion,T,343,3273,c,3.37,8.88888888888889,3,1,0,0,0
Ectoparasitoid exclusion,T,343,3274,a,7.89,8.88888888888889,3,1,0,0,0
Ectoparasitoid exclusion,T,343,3274,b,6.65,8.88888888888889,3,1,0,0,0
Ectoparasitoid exclusion,T,343,3274,c,6.81,8.88888888888889,3,1,0,0,0
Ectoparasitoid exclusion,T,343,3275,a,8.81,8.88888888888889,1,1,0,0,0
Ectoparasitoid exclusion,T,343,3276,a,9.69,8.88888888888889,2,1,0,0,0
Ectoparasitoid exclusion,T,343,3276,b,8.16,8.88888888888889,2,0,0,0,0
Ectoparasitoid exclusion,T,343,3277,a,8.32,8.88888888888889,3,1,0,0,0
Ectoparasitoid exclusion,T,343,3277,b,4.93,8.88888888888889,3,0,1,0,0
Ectoparasitoid exclusion,T,343,3277,c,8.32,8.88888888888889,3,0,1,0,0
Ectoparasitoid exclusion,T,343,3278,a,8.2,8.88888888888889,2,1,0,0,0
Ectoparasitoid exclusion,T,343,3278,b,10.37,8.88888888888889,2,1,0,0,0
Ectoparasitoid exclusion,T,343,3279,a,6.55,8.88888888888889,1,1,0,0,0
Ectoparasitoid exclusion,T,343,3280,a,13.66,8.88888888888889,2,2,0,0,0
Ectoparasitoid exclusion,T,343,3280,b,13.68,8.88888888888889,2,2,0,0,0
Ectoparasitoid exclusion,T,343,3281,a,10.54,8.88888888888889,1,1,1,0,0
Ectoparasitoid exclusion,T,343,3282,a,7.94,8.88888888888889,3,0,1,0,0
Ectoparasitoid exclusion,T,343,3282,b,9.57,8.88888888888889,3,1,0,0,0
Ectoparasitoid exclusion,T,343,3282,c,7.73,8.88888888888889,3,0,1,0,0
Control,T,427,3570,a,5.41,13.571428571428571,5,0,1,0,0
Control,T,427,3570,b,7.17,13.571428571428571,5,0,1,0,0
Control,T,427,3570,c,6.65,13.571428571428571,5,0,1,0,0
Control,T,427,3570,d,5.19,13.571428571428571,5,0,1,0,0
Control,T,427,3570,e,5.54,13.571428571428571,5,0,0,1,0
Control,T,427,3571,a,5.26,13.571428571428571,1,0,0,1,0
Control,T,427,3572,a,5.62,13.571428571428571,2,0,1,0,0
Control,T,427,3572,b,5.32,13.571428571428571,2,0,1,0,0
Control,T,427,3573,a,5.76,13.571428571428571,4,0,0,0,1
Control,T,427,3573,b,7.6,13.571428571428571,4,0,1,0,0
Control,T,427,3573,c,8.52,13.571428571428571,4,0,1,0,0
Control,T,427,3573,d,9.17,13.571428571428571,4,0,1,0,0
Control,T,427,3574,a,5.66,13.571428571428571,3,0,0,0,1
Control,T,427,3574,b,6.67,13.571428571428571,3,1,0,0,0
Control,T,427,3574,c,6.67,13.571428571428571,3,1,0,0,0
Control,T,427,3575,a,7.33,13.571428571428571,4,0,0,0,1
Control,T,427,3575,b,11.5,13.571428571428571,4,1,0,0,0
Control,T,427,3575,c,10.98,13.571428571428571,4,1,0,0,0
Control,T,427,3575,d,11.5,13.571428571428571,4,0,0,0,1
Control,T,427,3576,a,10.1,13.571428571428571,1,0,1,0,0
Control,T,427,3577,a,9.23,13.571428571428571,1,0,0,0,1
Control,T,427,3578,a,8.02,13.571428571428571,1,1,0,0,0
Control,T,427,3579,a,4.28,13.571428571428571,2,0,0,1,0
Control,T,427,3579,b,4.66,13.571428571428571,2,0,0,0,1
Control,T,427,3580,a,6.04,13.571428571428571,4,0,0,1,0
Control,T,427,3580,b,6.2,13.571428571428571,4,0,0,1,0
Control,T,427,3580,c,7.6,13.571428571428571,4,1,0,0,0
Control,T,427,3580,d,8.4,13.571428571428571,4,0,0,1,0
Control,T,427,3581,a,4.6,13.571428571428571,3,0,0,0,1
Control,T,427,3581,b,8.23,13.571428571428571,3,0,1,0,0
Control,T,427,3581,c,8.03,13.571428571428571,3,0,0,0,1
Control,T,437,428,a,10.55,50,2,0,0,1,0
Control,T,437,428,b,9.7,50,2,0,1,0,0
Control,T,437,429,a,11.9,50,3,0,0,1,0
Control,T,437,429,b,10.7,50,3,0,0,1,0
Control,T,437,429,c,11.9,50,3,1,0,0,0
Control,T,437,430,a,7.6,50,2,0,0,1,0
Control,T,437,430,b,6.65,50,2,0,0,1,0
Control,T,437,431,a,13.7,50,4,1,0,0,0
Control,T,437,431,b,4.9,50,4,1,0,0,0
Control,T,437,431,c,15,50,4,1,0,0,0
Control,T,437,431,d,13.1,50,4,1,0,0,0
Control,T,437,432,a,10.05,50,1,0,0,0,1
Control,T,437,433,a,8.95,50,1,0,0,1,0
Control,T,437,434,a,6.95,50,3,0,0,1,0
Control,T,437,434,b,9.3,50,3,1,0,0,0
Control,T,437,434,c,9.3,50,3,0,1,0,0
Control,T,437,435,a,11.6,50,2,0,0,0,0
Control,T,437,435,b,8.9,50,2,0,1,0,0
Control,T,437,436,a,10.5,50,2,0,0,0,0
Control,T,437,436,b,5.8,50,2,0,0,0,0
Control,T,437,437,a,10.55,50,4,0,0,1,0
Control,T,437,437,b,8.6,50,4,0,0,1,0
Control,T,437,437,c,10.55,50,4,1,0,0,0
Control,T,437,437,d,8.6,50,4,1,0,0,0
Control,T,437,438,a,9.3,50,2,1,0,0,0
Control,T,437,438,b,8.6,50,2,0,1,0,0
Control,T,437,439,a,8.2,50,1,0,0,0,1
Control,T,437,440,a,6.2,50,1,0,0,0,1
Control,T,437,441,a,10.65,50,3,0,0,1,0
Control,T,437,441,b,9.2,50,3,0,1,0,0
Control,T,437,441,c,10.65,50,3,0,1,0,0
Control,T,437,442,a,6.85,50,2,0,0,0,1
Control,T,437,442,b,4.85,50,2,0,1,0,0
Ectoparasitoid exclusion,T,452,3869,a,12.66,0,2,1,0,0,0
Ectoparasitoid exclusion,T,452,3869,b,12.66,0,2,1,0,0,0
Ectoparasitoid exclusion,T,452,3870,a,8.86,0,1,1,0,0,0
Ectoparasitoid exclusion,T,452,3871,a,14.82,0,9,1,0,0,0
Ectoparasitoid exclusion,T,452,3871,b,15.27,0,9,1,0,0,0
Ectoparasitoid exclusion,T,452,3871,c,16.31,0,9,1,0,0,0
Ectoparasitoid exclusion,T,452,3871,d,14.09,0,9,1,0,0,0
Ectoparasitoid exclusion,T,452,3871,e,14.35,0,9,1,0,0,0
Ectoparasitoid exclusion,T,452,3871,f,13.14,0,9,1,0,0,0
Ectoparasitoid exclusion,T,452,3871,g,10.78,0,9,1,0,0,0
Ectoparasitoid exclusion,T,452,3871,h,15.27,0,9,1,0,0,0
Ectoparasitoid exclusion,T,452,3871,i,15.27,0,9,1,0,0,0
Ectoparasitoid exclusion,T,452,3872,a,7.26,0,8,0,1,0,0
Ectoparasitoid exclusion,T,452,3872,b,9.33,0,8,0,1,0,0
Ectoparasitoid exclusion,T,452,3872,c,7.93,0,8,0,1,0,0
Ectoparasitoid exclusion,T,452,3872,d,7.54,0,8,0,1,0,0
Ectoparasitoid exclusion,T,452,3872,e,9.53,0,8,0,1,0,0
Ectoparasitoid exclusion,T,452,3872,f,9.57,0,8,1,0,0,0
Ectoparasitoid exclusion,T,452,3872,g,11.06,0,8,0,2,0,0
Ectoparasitoid exclusion,T,452,3872,h,9.33,0,8,0,1,0,0
Ectoparasitoid exclusion,T,452,3873,a,10.91,0,3,1,0,0,0
Ectoparasitoid exclusion,T,452,3873,b,12.76,0,3,2,0,0,0
Ectoparasitoid exclusion,T,452,3873,c,10.79,0,3,1,0,0,0
Ectoparasitoid exclusion,T,452,3874,a,10.37,0,1,1,0,0,0
Ectoparasitoid exclusion,T,452,3875,a,10.62,0,3,1,0,0,0
Ectoparasitoid exclusion,T,452,3875,b,10.98,0,3,1,0,0,0
Ectoparasitoid exclusion,T,452,3875,c,10.99,0,3,1,0,0,0
Ectoparasitoid exclusion,T,452,3876,a,11,0,3,1,0,0,0
Ectoparasitoid exclusion,T,452,3876,b,11.83,0,3,1,0,0,0
Ectoparasitoid exclusion,T,452,3876,c,11,0,3,1,0,0,0
Ectoparasitoid exclusion,T,452,3877,a,6.99,0,1,1,0,0,0
Ectoparasitoid exclusion,T,452,3878,a,8.57,0,1,1,0,0,0
Control,T,489,3056,a,10.6,38.333333333333336,1,1,0,0,0
Control,T,489,3057,a,7.54,38.333333333333336,1,1,0,0,0
Control,T,489,3058,a,6.85,38.333333333333336,3,0,0,0,1
Control,T,489,3058,b,13.04,38.333333333333336,3,1,0,0,0
Control,T,489,3058,c,13.05,38.333333333333336,3,1,0,0,0
Control,T,489,3059,a,8.4,38.333333333333336,3,0,1,0,0
Control,T,489,3059,b,9.38,38.333333333333336,3,0,1,0,0
Control,T,489,3059,c,8.76,38.333333333333336,3,0,1,0,0
Control,T,489,3060,a,9.35,38.333333333333336,2,0,1,0,0
Control,T,489,3060,b,9.65,38.333333333333336,2,1,0,0,0
Control,T,489,3061,a,9.44,38.333333333333336,2,1,0,0,0
Control,T,489,3061,b,9.41,38.333333333333336,2,0,0,0,1
Control,T,489,3062,a,7.21,38.333333333333336,2,0,0,1,0
Control,T,489,3062,b,6.74,38.333333333333336,2,0,0,0,1
Control,T,489,3063,a,3.07,38.333333333333336,1,0,0,0,1
Control,T,489,3064,a,6.4,38.333333333333336,2,1,0,0,0
Control,T,489,3064,b,9.65,38.333333333333336,2,0,0,1,0
Control,T,489,3065,a,10.87,38.333333333333336,4,1,0,0,0
Control,T,489,3065,b,10.41,38.333333333333336,4,1,0,0,0
Control,T,489,3065,c,11.36,38.333333333333336,4,0,0,1,0
Control,T,489,3065,d,11.36,38.333333333333336,4,1,0,0,0
Ectoparasitoid exclusion,T,6,3902,a,7.64,0.8333333333333334,1,0,1,0,0
Ectoparasitoid exclusion,T,6,3903,a,5.83,0.8333333333333334,1,0,1,0,0
Ectoparasitoid exclusion,T,6,3904,a,8.86,0.8333333333333334,3,1,0,0,0
Ectoparasitoid exclusion,T,6,3904,b,11.77,0.8333333333333334,3,0,0,0,1
Ectoparasitoid exclusion,T,6,3904,c,12.08,0.8333333333333334,3,0,0,0,0
Ectoparasitoid exclusion,T,6,3905,a,11.35,0.8333333333333334,5,0,2,0,0
Ectoparasitoid exclusion,T,6,3905,b,12.25,0.8333333333333334,5,0,0,0,1
Ectoparasitoid exclusion,T,6,3905,c,11.91,0.8333333333333334,5,0,0,0,1
Ectoparasitoid exclusion,T,6,3905,d,12.24,0.8333333333333334,5,0,1,0,0
Ectoparasitoid exclusion,T,6,3905,e,11.34,0.8333333333333334,5,0,1,0,0
Ectoparasitoid exclusion,T,6,3906,a,6.82,0.8333333333333334,2,1,0,0,0
Ectoparasitoid exclusion,T,6,3906,b,7.15,0.8333333333333334,2,1,0,0,0
Ectoparasitoid exclusion,T,6,3907,a,9.26,0.8333333333333334,2,1,0,0,0
Ectoparasitoid exclusion,T,6,3907,b,10.31,0.8333333333333334,2,0,0,0,1
Ectoparasitoid exclusion,T,6,3908,a,8.54,0.8333333333333334,3,1,0,0,0
Ectoparasitoid exclusion,T,6,3908,b,7.64,0.8333333333333334,3,1,0,0,0
Ectoparasitoid exclusion,T,6,3908,c,8.54,0.8333333333333334,3,0,0,0,1
Control,T,615,2237,a,10.09,94.73684210526315,8,1,0,0,0
Control,T,615,2237,b,11.55,94.73684210526315,8,0,1,0,0
Control,T,615,2237,c,10.96,94.73684210526315,8,1,0,0,0
Control,T,615,2237,d,12.01,94.73684210526315,8,0,0,0,1
Control,T,615,2237,e,12.61,94.73684210526315,8,0,1,0,0
Control,T,615,2237,f,12.36,94.73684210526315,8,1,0,0,0
Control,T,615,2237,g,10.8,94.73684210526315,8,1,0,0,0
Control,T,615,2237,h,12.61,94.73684210526315,8,0,1,0,0
Control,T,615,2238,a,11.78,94.73684210526315,5,1,0,0,0
Control,T,615,2238,b,14.06,94.73684210526315,5,1,0,0,0
Control,T,615,2238,c,13.8,94.73684210526315,5,1,0,0,0
Control,T,615,2238,d,13.44,94.73684210526315,5,1,0,0,0
Control,T,615,2238,e,11.43,94.73684210526315,5,1,0,0,0
Control,T,615,2239,a,10.25,94.73684210526315,1,1,0,0,0
Control,T,615,2240,a,10.27,94.73684210526315,1,0,0,1,0
Control,T,615,2241,a,8.6,94.73684210526315,1,0,0,0,1
Control,T,615,2242,a,9.03,94.73684210526315,4,1,0,0,0
Control,T,615,2242,b,9.45,94.73684210526315,4,0,0,1,0
Control,T,615,2242,c,9.57,94.73684210526315,4,0,0,0,1
Control,T,615,2242,d,5.11,94.73684210526315,4,0,0,0,0
Control,T,615,2243,a,8.27,94.73684210526315,3,0,0,0,0
Control,T,615,2243,b,7.93,94.73684210526315,3,0,0,0,0
Control,T,615,2243,c,7.71,94.73684210526315,3,0,0,0,0
Control,T,615,2244,a,11.03,94.73684210526315,9,0,0,0,0
Control,T,615,2244,b,12.55,94.73684210526315,9,0,0,1,0
Control,T,615,2244,c,14.15,94.73684210526315,9,1,0,0,0
Control,T,615,2244,d,13.62,94.73684210526315,9,1,0,0,0
Control,T,615,2244,e,12.33,94.73684210526315,9,1,0,0,0
Control,T,615,2244,f,13.35,94.73684210526315,9,1,0,0,0
Control,T,615,2244,g,13.5,94.73684210526315,9,1,0,0,0
Control,T,615,2244,h,11.05,94.73684210526315,9,0,0,1,0
Control,T,615,2244,i,8.16,94.73684210526315,9,0,0,1,0
Control,T,615,2245,a,12.59,94.73684210526315,2,1,0,0,0
Control,T,615,2245,b,9.43,94.73684210526315,2,1,0,0,0
Control,T,615,2246,a,5.76,94.73684210526315,1,0,0,0,0
Control,T,615,2247,a,9.04,94.73684210526315,1,1,0,0,0
Control,T,615,2248,a,9.05,94.73684210526315,1,0,0,1,0
Ectoparasitoid exclusion,U,108,2872,a,9.54,13.571428571428571,3,0,0,0,1
Ectoparasitoid exclusion,U,108,2872,b,10.54,13.571428571428571,3,0,0,0,1
Ectoparasitoid exclusion,U,108,2872,c,8.74,13.571428571428571,3,0,0,0,1
Ectoparasitoid exclusion,U,108,2873,a,8.01,13.571428571428571,3,0,1,0,0
Ectoparasitoid exclusion,U,108,2873,b,7.93,13.571428571428571,3,0,1,0,0
Ectoparasitoid exclusion,U,108,2873,c,7.65,13.571428571428571,3,0,1,0,0
Ectoparasitoid exclusion,U,108,2874,a,7.57,13.571428571428571,2,0,1,0,0
Ectoparasitoid exclusion,U,108,2874,b,7.13,13.571428571428571,2,0,1,0,0
Ectoparasitoid exclusion,U,108,2875,a,7.17,13.571428571428571,3,0,0,0,0
Ectoparasitoid exclusion,U,108,2875,b,8.17,13.571428571428571,3,0,0,0,1
Ectoparasitoid exclusion,U,108,2875,c,7.37,13.571428571428571,3,0,0,0,0
Control,U,128,3073,a,8.04,20,3,0,1,0,0
Control,U,128,3073,b,8.01,20,3,0,0,0,1
Control,U,128,3073,c,8.04,20,3,0,0,1,0
Control,U,128,3074,a,8.05,20,4,0,0,0,1
Control,U,128,3074,b,7.36,20,4,0,0,0,1
Control,U,128,3074,c,7.91,20,4,0,1,0,0
Control,U,128,3074,d,8.05,20,4,0,0,0,1
Control,U,128,3075,a,6.87,20,2,0,1,0,0
Control,U,128,3075,b,8.07,20,2,0,0,1,0
Control,U,128,3076,a,3.86,20,1,0,0,0,1
Control,U,128,3077,a,7.09,20,5,1,0,0,0
Control,U,128,3077,b,6.52,20,5,0,0,0,1
Control,U,128,3077,c,6.7,20,5,0,1,0,0
Control,U,128,3077,d,6.52,20,5,0,0,0,1
Control,U,128,3077,e,6.7,20,5,0,0,0,1
Control,U,128,3078,a,7.74,20,2,0,1,0,0
Control,U,128,3078,b,8.58,20,2,1,0,0,0
Control,U,128,3079,a,8.17,20,5,0,0,1,0
Control,U,128,3079,b,8.13,20,5,0,1,0,0
Control,U,128,3079,c,6.51,20,5,0,1,0,0
Control,U,128,3079,d,8.17,20,5,1,0,0,0
Control,U,128,3079,e,8.13,20,5,0,1,0,0
Control,U,128,3080,a,8.42,20,5,1,0,0,0
Control,U,128,3080,b,7.37,20,5,1,0,0,0
Control,U,128,3080,c,7.43,20,5,0,0,0,1
Control,U,128,3080,d,7.83,20,5,0,0,0,1
Control,U,128,3080,e,8.31,20,5,0,1,0,0
Control,U,15,2928,a,8.11,14.782608695652174,2,0,1,0,0
Control,U,15,2928,b,7.81,14.782608695652174,2,0,0,1,0
Control,U,15,2929,a,6.55,14.782608695652174,1,0,0,1,0
Control,U,15,2930,a,5.85,14.782608695652174,2,0,1,0,0
Control,U,15,2930,b,6.36,14.782608695652174,2,0,1,0,0
Control,U,15,2931,a,7.7,14.782608695652174,1,0,0,0,1
Control,U,15,2932,a,5.52,14.782608695652174,2,0,0,0,1
Control,U,15,2932,b,5.96,14.782608695652174,2,0,0,0,1
Control,U,15,2934,a,6.24,14.782608695652174,1,0,1,0,0
Ectoparasitoid exclusion,U,164,1,a,10.15,35.714285714285715,2,1,0,0,0
Ectoparasitoid exclusion,U,164,1,b,9.15,35.714285714285715,2,2,0,0,0
Ectoparasitoid exclusion,U,164,2,a,10.25,35.714285714285715,1,0,0,0,0
Ectoparasitoid exclusion,U,164,3,a,8.88,35.714285714285715,1,1,0,0,0
Ectoparasitoid exclusion,U,164,4,a,6.55,35.714285714285715,2,0,1,0,0
Ectoparasitoid exclusion,U,164,4,b,6.55,35.714285714285715,2,0,1,0,0
Ectoparasitoid exclusion,U,164,5,a,7.5,35.714285714285715,1,1,0,0,0
Ectoparasitoid exclusion,U,221,152,a,8.45,31.30434782608696,3,0,0,0,0
Ectoparasitoid exclusion,U,221,152,b,8.45,31.30434782608696,3,0,1,0,0
Ectoparasitoid exclusion,U,221,152,c,8.45,31.30434782608696,3,0,1,0,0
Ectoparasitoid exclusion,U,221,153,a,8.5,31.30434782608696,3,0,0,1,0
Ectoparasitoid exclusion,U,221,153,b,8.6,31.30434782608696,3,0,0,0,0
Ectoparasitoid exclusion,U,221,153,c,8.6,31.30434782608696,3,0,0,0,0
Ectoparasitoid exclusion,U,221,154,a,10.05,31.30434782608696,2,0,1,0,0
Ectoparasitoid exclusion,U,221,154,b,10.05,31.30434782608696,2,0,1,0,0
Ectoparasitoid exclusion,U,221,155,a,9,31.30434782608696,1,0,1,0,0
Ectoparasitoid exclusion,U,221,156,a,10.1,31.30434782608696,7,0,1,0,0
Ectoparasitoid exclusion,U,221,156,b,10.9,31.30434782608696,7,0,0,1,0
Ectoparasitoid exclusion,U,221,156,c,10.1,31.30434782608696,7,0,1,0,0
Ectoparasitoid exclusion,U,221,156,d,10.1,31.30434782608696,7,0,1,0,0
Ectoparasitoid exclusion,U,221,156,e,10.1,31.30434782608696,7,1,0,0,0
Ectoparasitoid exclusion,U,221,156,f,10.1,31.30434782608696,7,0,1,0,0
Ectoparasitoid exclusion,U,221,156,g,11.25,31.30434782608696,7,0,0,1,0
Control,U,254,2084,a,9.05,30,1,0,0,0,0
Control,U,254,2085,a,10.55,30,4,0,0,0,1
Control,U,254,2085,b,11.45,30,4,0,0,0,0
Control,U,254,2085,c,11.4,30,4,1,0,0,0
Control,U,254,2085,d,11.4,30,4,1,0,0,0
Control,U,254,2086,a,6.8,30,1,0,0,0,1
Control,U,280,1055,a,9.95,10,6,0,1,0,0
Control,U,280,1055,b,10,10,6,0,1,0,0
Control,U,280,1055,c,9.5,10,6,0,0,1,0
Control,U,280,1055,d,9.5,10,6,1,0,0,0
Control,U,280,1055,e,10,10,6,1,0,0,0
Control,U,280,1055,f,9.95,10,6,0,1,0,0
Control,U,280,1056,a,7.75,10,1,0,0,0,1
Control,U,280,1057,a,7.95,10,1,0,0,1,0
Control,U,280,1058,a,8.55,10,3,0,0,0,1
Control,U,280,1058,b,8.75,10,3,1,0,0,0
Control,U,280,1058,c,10.05,10,3,1,0,0,0
Control,U,280,1059,a,9.15,10,2,1,0,0,0
Control,U,280,1059,b,9.15,10,2,1,0,0,0
Ectoparasitoid exclusion,U,283,30,a,10.2,16.666666666666664,2,0,0,1,0
Ectoparasitoid exclusion,U,283,30,b,9.6,16.666666666666664,2,0,1,0,0
Ectoparasitoid exclusion,U,283,31,a,7.95,16.666666666666664,3,0,1,0,0
Ectoparasitoid exclusion,U,283,31,b,8.6,16.666666666666664,3,0,1,0,0
Ectoparasitoid exclusion,U,283,31,c,6.25,16.666666666666664,3,0,1,0,0
Ectoparasitoid exclusion,U,283,32,a,6.1,16.666666666666664,2,1,0,0,0
Ectoparasitoid exclusion,U,283,32,b,6.9,16.666666666666664,2,1,0,0,0
Control,U,294,627,a,11.1,34.11764705882353,3,0,0,0,0
Control,U,294,627,b,12.7,34.11764705882353,3,1,0,0,0
Control,U,294,627,c,10.5,34.11764705882353,3,0,0,0,0
Control,U,294,628,a,9.15,34.11764705882353,1,0,1,0,0
Control,U,294,629,a,9.3,34.11764705882353,1,1,0,0,0
Control,U,294,630,a,7.05,34.11764705882353,1,0,1,0,0
Ectoparasitoid exclusion,U,305,3038,a,7.55,26.666666666666668,4,0,1,0,0
Ectoparasitoid exclusion,U,305,3038,b,8.46,26.666666666666668,4,0,1,0,0
Ectoparasitoid exclusion,U,305,3038,c,8.44,26.666666666666668,4,0,0,0,1
Ectoparasitoid exclusion,U,305,3038,d,8.4,26.666666666666668,4,0,1,0,0
Ectoparasitoid exclusion,U,305,3039,a,6.09,26.666666666666668,1,1,0,0,0
Control,U,386,3294,a,7.11,18.095238095238095,1,0,0,1,0
Control,U,386,3295,a,7.78,18.095238095238095,3,0,0,1,0
Control,U,386,3295,b,10.76,18.095238095238095,3,1,0,0,0
Control,U,386,3295,c,11.01,18.095238095238095,3,0,1,0,0
Control,U,386,3296,a,4.57,18.095238095238095,3,0,0,1,0
Control,U,386,3296,b,4.72,18.095238095238095,3,1,0,0,0
Control,U,386,3296,c,7.2,18.095238095238095,3,0,1,0,0
Control,U,386,3297,a,6.87,18.095238095238095,2,0,0,0,1
Control,U,386,3297,b,6.87,18.095238095238095,2,0,0,1,0
Ectoparasitoid exclusion,U,39,3034,a,7.65,10.588235294117647,4,0,1,0,0
Ectoparasitoid exclusion,U,39,3034,b,8.23,10.588235294117647,4,0,1,0,0
Ectoparasitoid exclusion,U,39,3034,c,7.47,10.588235294117647,4,0,1,0,0
Ectoparasitoid exclusion,U,39,3034,d,7.47,10.588235294117647,4,0,2,0,0
Ectoparasitoid exclusion,U,39,3035,a,3.82,10.588235294117647,1,1,0,0,0
Ectoparasitoid exclusion,U,39,3036,a,4.14,10.588235294117647,1,0,1,0,0
Ectoparasitoid exclusion,U,39,3037,a,6.22,10.588235294117647,2,0,0,1,0
Ectoparasitoid exclusion,U,39,3037,b,6.65,10.588235294117647,2,0,1,0,0
Control,U,480,554,a,8.3,5.454545454545454,1,0,0,1,0
Control,U,629,253,a,11.74,12,4,0,0,1,0
Control,U,629,253,b,9.85,12,4,0,0,1,0
Control,U,629,253,c,9.85,12,4,0,0,1,0
Control,U,629,253,d,10.5,12,4,0,0,1,0
Control,U,629,254,a,6.75,12,1,0,1,0,0
Control,U,629,255,a,7,12,1,0,0,1,0
Control,U,629,256,a,7.95,12,1,0,0,1,0
Control,U,629,257,a,5.2,12,1,0,1,0,0
Control,U,629,258,a,6.2,12,1,0,0,1,0
Control,U,629,259,a,11.55,12,4,1,0,0,0
Control,U,629,259,b,11.55,12,4,0,0,1,0
Control,U,629,259,c,11.55,12,4,0,0,1,0
Control,U,629,259,d,11.55,12,4,0,0,1,0
Control,U,629,260,a,10.8,12,4,0,0,1,0
Control,U,629,260,b,10.8,12,4,0,0,1,0
Control,U,629,260,c,10.8,12,4,0,0,1,0
Control,U,629,260,d,6.5,12,4,0,1,0,0
Ectoparasitoid exclusion,U,94,129,a,7.95,17,1,1,0,0,0
Ectoparasitoid exclusion,U,94,130,a,8.2,17,1,0,1,0,0
Ectoparasitoid exclusion,U,94,131,a,12.3,17,2,0,1,0,0
Ectoparasitoid exclusion,U,94,131,b,11.5,17,2,0,1,0,0
Ectoparasitoid exclusion,W,218,3340,a,7.97,38.88888888888889,2,1,0,0,0
Ectoparasitoid exclusion,W,218,3340,b,8.85,38.88888888888889,2,1,0,0,0
Ectoparasitoid exclusion,W,218,3341,a,5.22,38.88888888888889,2,1,0,0,0
Ectoparasitoid exclusion,W,218,3341,b,6.34,38.88888888888889,2,1,0,0,0
Ectoparasitoid exclusion,W,218,3342,a,9.1,38.88888888888889,1,0,1,0,0
Ectoparasitoid exclusion,W,218,3343,a,7.49,38.88888888888889,1,1,0,0,0
Ectoparasitoid exclusion,W,218,3344,a,4.58,38.88888888888889,2,0,1,0,0
Ectoparasitoid exclusion,W,218,3344,b,4.43,38.88888888888889,2,0,1,0,0
Ectoparasitoid exclusion,W,218,3345,a,6.35,38.88888888888889,1,0,1,0,0
Ectoparasitoid exclusion,W,218,3346,a,6.05,38.88888888888889,1,1,0,0,0
Control,W,292,2149,a,8.55,7.2727272727272725,5,0,1,0,0
Control,W,292,2149,b,10.1,7.2727272727272725,5,0,1,0,0
Control,W,292,2149,c,10.8,7.2727272727272725,5,0,1,0,0
Control,W,292,2149,d,11.55,7.2727272727272725,5,0,1,0,0
Control,W,292,2149,e,11.55,7.2727272727272725,5,0,0,0,0
Control,W,292,2150,a,14.2,7.2727272727272725,2,0,0,0,0
Control,W,292,2150,b,12.9,7.2727272727272725,2,0,0,0,0
Control,W,292,2151,a,8.85,7.2727272727272725,5,0,0,0,0
Control,W,292,2151,b,12.7,7.2727272727272725,5,0,1,0,0
Control,W,292,2151,c,13.6,7.2727272727272725,5,0,0,0,0
Control,W,292,2151,d,12.7,7.2727272727272725,5,0,0,0,0
Control,W,292,2151,e,11.75,7.2727272727272725,5,0,1,0,0
Control,W,292,2152,a,12,7.2727272727272725,3,0,0,0,0
Control,W,292,2152,b,7.2,7.2727272727272725,3,0,0,0,1
Control,W,292,2152,c,12,7.2727272727272725,3,0,0,0,0
Control,W,292,2153,a,7,7.2727272727272725,5,0,0,1,0
Control,W,292,2153,b,10.6,7.2727272727272725,5,0,0,0,0
Control,W,292,2153,c,10,7.2727272727272725,5,0,0,0,0
Control,W,292,2153,d,11.2,7.2727272727272725,5,0,0,0,0
Control,W,292,2153,e,9.1,7.2727272727272725,5,1,0,0,0
Control,W,292,2154,a,13.35,7.2727272727272725,3,0,0,0,0
Control,W,292,2154,b,10.8,7.2727272727272725,3,0,0,0,0
Control,W,292,2154,c,13.25,7.2727272727272725,3,0,0,0,0
Control,W,292,2155,a,7.55,7.2727272727272725,5,0,1,0,0
Control,W,292,2155,b,8.5,7.2727272727272725,5,0,1,0,0
Control,W,292,2155,c,7.9,7.2727272727272725,5,0,1,0,0
Control,W,292,2155,d,7.75,7.2727272727272725,5,0,1,0,0
Control,W,292,2155,e,6.55,7.2727272727272725,5,0,1,0,0
Control,W,292,2156,a,6.2,7.2727272727272725,2,0,1,0,0
Control,W,292,2156,b,9.35,7.2727272727272725,2,0,2,0,0
Control,W,292,2157,a,6.95,7.2727272727272725,1,0,0,0,0
Control,W,292,2158,a,8.1,7.2727272727272725,1,0,0,0,0
Control,W,292,2159,a,11.05,7.2727272727272725,2,1,0,0,0
Control,W,292,2159,b,8,7.2727272727272725,2,0,0,0,1
Control,W,292,2160,a,3.9,7.2727272727272725,1,0,0,0,1
Control,W,292,2161,a,5.5,7.2727272727272725,1,0,0,1,0
Control,W,292,2162,a,7.05,7.2727272727272725,2,0,0,0,1
Control,W,292,2162,b,5.8,7.2727272727272725,2,1,0,0,0
Control,W,292,2163,a,7.1,7.2727272727272725,1,0,0,0,1
Ectoparasitoid exclusion,W,304,1029,a,6.5,30,2,1,0,0,0
Ectoparasitoid exclusion,W,304,1029,b,5.5,30,2,0,1,0,0
Control,W,339,3081,a,8.22,24.545454545454547,1,0,0,0,1
Control,W,339,3082,a,8.71,24.545454545454547,2,1,0,0,0
Control,W,339,3082,b,9.1,24.545454545454547,2,1,0,0,0
Control,W,339,3083,a,6.83,24.545454545454547,1,0,0,1,0
Control,W,339,3084,a,7.11,24.545454545454547,3,0,1,0,0
Control,W,339,3084,b,6.46,24.545454545454547,3,0,1,0,0
Control,W,339,3084,c,7.11,24.545454545454547,3,0,1,0,0
Control,W,339,3085,a,6.38,24.545454545454547,1,0,0,1,0
Control,W,339,3086,a,8.31,24.545454545454547,1,0,0,0,0
Control,W,339,3087,a,6.75,24.545454545454547,6,1,0,0,0
Control,W,339,3087,b,5.81,24.545454545454547,6,0,1,0,0
Control,W,339,3087,c,6.08,24.545454545454547,6,0,0,0,0
Control,W,339,3087,d,10.32,24.545454545454547,6,1,0,0,0
Control,W,339,3087,e,8.43,24.545454545454547,6,0,1,0,0
Control,W,339,3087,f,9.69,24.545454545454547,6,1,0,0,0
Control,W,339,3088,a,7.38,24.545454545454547,1,0,0,0,1
Control,W,34,2423,a,10.28,23.75,2,1,0,0,0
Control,W,34,2423,b,10.32,23.75,2,1,0,0,0
Control,W,34,2424,a,8.08,23.75,2,1,0,0,0
Control,W,34,2424,b,8.03,23.75,2,1,0,0,0
Control,W,34,2425,a,10.55,23.75,2,1,0,0,0
Control,W,34,2425,b,9.01,23.75,2,1,0,0,0
Control,W,34,2426,a,6.48,23.75,3,0,0,1,0
Control,W,34,2426,a,7.52,23.75,3,0,0,0,1
Control,W,34,2426,b,6.75,23.75,3,0,0,1,0
Control,W,34,2427,a,6.58,23.75,1,0,0,0,1
Control,W,34,2428,a,8.62,23.75,5,1,0,0,0
Control,W,34,2428,b,8.01,23.75,5,1,0,0,0
Control,W,34,2428,c,8.01,23.75,5,1,0,0,0
Control,W,34,2428,d,8.62,23.75,5,0,0,0,1
Control,W,34,2428,e,7.64,23.75,5,0,0,1,0
Control,W,34,2429,a,8.13,23.75,1,0,1,0,0
Control,W,34,2430,a,8.29,23.75,2,0,1,0,0
Control,W,34,2430,b,6.43,23.75,2,0,0,0,1
Control,W,34,2431,a,5.8,23.75,1,0,0,0,1
Control,W,34,2432,a,6.39,23.75,5,0,0,0,0
Control,W,34,2432,b,6,23.75,5,0,0,0,1
Control,W,34,2432,c,5.72,23.75,5,0,0,0,1
Control,W,34,2432,d,6,23.75,5,0,1,0,0
Control,W,34,2432,e,6,23.75,5,0,0,0,0
Control,W,34,2433,a,7.37,23.75,1,0,0,1,0
Control,W,34,2434,a,6.03,23.75,1,0,1,0,0
Control,W,34,2435,a,7.81,23.75,3,0,1,0,0
Control,W,34,2435,b,8.13,23.75,3,0,1,0,0
Control,W,34,2435,c,7.61,23.75,3,0,1,0,0
Control,W,34,2436,a,5.68,23.75,3,0,0,0,0
Control,W,34,2436,b,4.73,23.75,3,0,0,0,1
Control,W,34,2436,c,5.68,23.75,3,0,1,0,0
Ectoparasitoid exclusion,W,356,766,a,7.9,24.444444444444443,2,1,0,0,0
Ectoparasitoid exclusion,W,356,766,b,7.9,24.444444444444443,2,0,0,1,0
Ectoparasitoid exclusion,W,357,3946,a,10.97,51.42857142857142,3,0,1,0,0
Ectoparasitoid exclusion,W,357,3946,b,11.17,51.42857142857142,3,0,0,0,1
Ectoparasitoid exclusion,W,357,3946,c,10.63,51.42857142857142,3,0,0,0,1
Ectoparasitoid exclusion,W,357,3947,a,7.75,51.42857142857142,2,0,1,0,0
Ectoparasitoid exclusion,W,357,3947,b,8.25,51.42857142857142,2,0,1,0,0
Ectoparasitoid exclusion,W,357,3948,a,8.95,51.42857142857142,2,0,1,0,0
Ectoparasitoid exclusion,W,357,3948,b,9.27,51.42857142857142,2,0,1,0,0
Ectoparasitoid exclusion,W,357,3949,a,4.44,51.42857142857142,1,0,1,0,0
Ectoparasitoid exclusion,W,40,3123,a,8.62,45.88235294117647,3,0,1,0,0
Ectoparasitoid exclusion,W,40,3123,b,9.2,45.88235294117647,3,0,0,0,1
Ectoparasitoid exclusion,W,40,3123,c,9.68,45.88235294117647,3,1,0,0,0
Ectoparasitoid exclusion,W,40,3124,a,7.51,45.88235294117647,1,0,1,0,0
Ectoparasitoid exclusion,W,40,3125,a,5.55,45.88235294117647,5,0,0,0,1
Ectoparasitoid exclusion,W,40,3125,b,7.37,45.88235294117647,5,0,0,0,0
Ectoparasitoid exclusion,W,40,3125,c,9.31,45.88235294117647,5,0,0,0,0
Ectoparasitoid exclusion,W,40,3125,d,7.45,45.88235294117647,5,0,1,0,0
Ectoparasitoid exclusion,W,40,3125,e,7.84,45.88235294117647,5,0,1,0,0
Ectoparasitoid exclusion,W,40,3126,a,7.29,45.88235294117647,1,0,1,0,0
Ectoparasitoid exclusion,W,40,3127,a,5.59,45.88235294117647,1,0,0,0,1
Ectoparasitoid exclusion,W,40,3128,a,11.03,45.88235294117647,2,1,0,0,0
Ectoparasitoid exclusion,W,40,3128,b,10.6,45.88235294117647,2,1,0,0,0
Ectoparasitoid exclusion,W,40,3129,a,8.38,45.88235294117647,1,1,0,0,0
Ectoparasitoid exclusion,W,40,3130,a,9.52,45.88235294117647,5,0,0,1,0
Ectoparasitoid exclusion,W,40,3130,b,9.18,45.88235294117647,5,0,0,0,1
Ectoparasitoid exclusion,W,40,3130,c,7.93,45.88235294117647,5,0,0,1,0
Ectoparasitoid exclusion,W,40,3130,d,6.21,45.88235294117647,5,0,0,0,1
Ectoparasitoid exclusion,W,40,3130,e,6.21,45.88235294117647,5,0,1,0,0
Ectoparasitoid exclusion,W,40,3131,a,10.32,45.88235294117647,4,0,1,0,0
Ectoparasitoid exclusion,W,40,3131,b,9.48,45.88235294117647,4,0,1,0,0
Ectoparasitoid exclusion,W,40,3131,c,9.01,45.88235294117647,4,0,1,0,0
Ectoparasitoid exclusion,W,40,3131,d,6.59,45.88235294117647,4,0,1,0,0
Control,W,406,468,a,6.05,28.999999999999996,3,0,1,0,0
Control,W,406,468,b,6.85,28.999999999999996,3,0,1,0,0
Control,W,406,468,c,6.85,28.999999999999996,3,0,1,0,0
Control,W,406,469,a,7.7,28.999999999999996,3,1,0,0,0
Control,W,406,469,b,7.7,28.999999999999996,3,1,0,0,0
Control,W,406,469,c,7.7,28.999999999999996,3,1,0,0,0
Control,W,406,470,a,9.1,28.999999999999996,2,0,1,0,0
Control,W,406,470,b,9.1,28.999999999999996,2,0,0,0,0
Control,W,406,471,a,9,28.999999999999996,1,0,1,0,0
Control,W,406,472,a,8.4,28.999999999999996,2,0,1,0,0
Control,W,406,472,b,8.4,28.999999999999996,2,0,1,0,0
Control,W,406,473,a,7.6,28.999999999999996,3,1,0,0,0
Control,W,406,473,b,9.7,28.999999999999996,3,0,0,0,1
Control,W,406,473,c,9.75,28.999999999999996,3,0,1,0,0
Control,W,406,474,a,7.15,28.999999999999996,1,0,1,0,0
Control,W,406,475,a,7.15,28.999999999999996,1,0,1,0,0
Control,W,406,476,a,8.15,28.999999999999996,2,1,0,0,0
Control,W,406,476,b,8.15,28.999999999999996,2,1,0,0,0
Control,W,406,477,a,10.55,28.999999999999996,1,1,0,0,0
Control,W,406,478,a,7.75,28.999999999999996,1,0,1,0,0
Control,W,406,479,a,11.65,28.999999999999996,2,1,0,0,0
Control,W,406,479,b,10.15,28.999999999999996,2,1,0,0,0
Control,W,406,480,a,7.95,28.999999999999996,3,1,0,0,0
Control,W,406,480,b,6.5,28.999999999999996,3,1,0,0,0
Control,W,406,480,c,7.95,28.999999999999996,3,1,0,0,0
Control,W,406,481,a,10.65,28.999999999999996,7,1,0,0,0
Control,W,406,481,b,12,28.999999999999996,7,1,0,0,0
Control,W,406,481,c,12,28.999999999999996,7,1,0,0,0
Control,W,406,481,d,12,28.999999999999996,7,1,0,0,0
Control,W,406,481,e,9.75,28.999999999999996,7,1,0,0,0
Control,W,406,481,f,9.75,28.999999999999996,7,1,0,0,0
Control,W,406,481,g,10.6,28.999999999999996,7,1,0,0,0
Control,W,406,482,a,10.05,28.999999999999996,2,0,0,1,0
Control,W,406,482,b,10.05,28.999999999999996,2,1,0,0,0
Control,W,406,483,a,6.75,28.999999999999996,2,0,1,0,0
Control,W,406,483,b,3.5,28.999999999999996,2,0,0,0,1
Control,W,406,484,a,6.9,28.999999999999996,4,0,1,0,0
Control,W,406,484,b,5,28.999999999999996,4,0,0,0,1
Control,W,406,484,c,7.75,28.999999999999996,4,0,0,0,0
Control,W,406,484,d,7.1,28.999999999999996,4,0,0,0,1
Control,W,428,1000,a,8.5,30.4,1,0,1,0,0
Control,W,428,1001,a,7,30.4,2,0,1,0,0
Control,W,428,1001,b,7,30.4,2,0,1,0,0
Control,W,428,1002,a,4.5,30.4,2,0,0,0,1
Control,W,428,1002,b,4.9,30.4,2,0,0,1,0
Control,W,428,995,a,12.25,30.4,1,1,0,0,0
Control,W,428,996,a,6.8,30.4,2,0,0,0,1
Control,W,428,996,b,4.8,30.4,2,0,1,0,0
Control,W,428,997,a,8.65,30.4,2,0,0,0,1
Control,W,428,997,b,9.5,30.4,2,0,1,0,0
Control,W,428,998,a,6.4,30.4,2,0,1,0,0
Control,W,428,998,b,7.55,30.4,2,0,0,1,0
Control,W,428,999,a,7.5,30.4,1,1,0,0,0
Control,W,490,948,a,8.15,20,3,1,0,0,0
Control,W,490,948,b,10.7,20,3,1,0,0,0
Control,W,490,948,c,10.6,20,3,0,0,1,0
Control,W,490,949,a,8.3,20,2,1,0,0,0
Control,W,490,949,b,5.15,20,2,1,0,0,0
Control,W,490,950,a,5.85,20,2,1,0,0,0
Control,W,490,950,b,5.1,20,2,0,0,1,0
Control,W,490,951,a,6.6,20,1,1,0,0,0
Control,W,490,952,a,5.45,20,1,0,0,0,1
Control,W,490,953,a,4.2,20,1,0,0,0,1
Control,W,552,2802,a,9.23,32.857142857142854,4,0,1,0,0
Control,W,552,2802,b,10.51,32.857142857142854,4,0,1,0,0
Control,W,552,2802,c,11.75,32.857142857142854,4,1,0,0,0
Control,W,552,2802,d,4.24,32.857142857142854,4,0,0,0,1
Control,W,552,2803,a,7.08,32.857142857142854,3,0,1,0,0
Control,W,552,2803,b,9.02,32.857142857142854,3,0,0,1,0
Control,W,552,2803,c,7.02,32.857142857142854,3,0,0,0,1
Control,W,552,2804,a,9.97,32.857142857142854,4,1,0,0,0
Control,W,552,2804,b,10.9,32.857142857142854,4,1,0,0,0
Control,W,552,2804,c,10.49,32.857142857142854,4,1,0,0,0
Control,W,552,2804,d,9.79,32.857142857142854,4,1,0,0,0
Control,W,552,2805,a,7.25,32.857142857142854,4,0,1,0,0
Control,W,552,2805,b,7.7,32.857142857142854,4,0,0,0,1
Control,W,552,2805,c,7.04,32.857142857142854,4,0,1,0,0
Control,W,552,2805,d,7.73,32.857142857142854,4,0,0,1,0
Control,W,552,2806,a,4.53,32.857142857142854,2,1,0,0,0
Control,W,552,2806,b,8.18,32.857142857142854,2,1,0,0,0
Control,W,552,2807,a,6.8,32.857142857142854,2,0,0,0,1
Control,W,552,2807,b,6.22,32.857142857142854,2,0,0,0,1
Control,W,552,2808,a,4.48,32.857142857142854,2,0,0,1,0
Control,W,552,2808,b,6.33,32.857142857142854,2,0,0,1,0
Control,W,552,2809,a,4.81,32.857142857142854,1,0,0,0,1
Control,W,552,2810,a,5.1,32.857142857142854,2,0,1,0,0
Control,W,552,2810,b,5.77,32.857142857142854,2,0,1,0,0
Control,W,57,2865,a,7.39,9.333333333333334,1,0,0,1,0
Control,W,57,2866,a,3.8,9.333333333333334,1,0,0,0,1
Control,W,57,2867,a,10.56,9.333333333333334,1,0,0,1,0
Control,W,57,2868,a,5.34,9.333333333333334,1,0,0,1,0
Control,W,57,2869,a,8.34,9.333333333333334,1,0,0,0,1
Control,W,57,2870,a,3.26,9.333333333333334,1,0,0,0,1
Control,W,57,2871,a,3.21,9.333333333333334,1,0,0,0,1
Ectoparasitoid exclusion,W,600,2686,a,7.61,25.882352941176475,1,1,0,0,0
Ectoparasitoid exclusion,W,600,2687,a,7.36,25.882352941176475,2,1,0,0,0
Ectoparasitoid exclusion,W,600,2687,b,5.93,25.882352941176475,2,0,0,0,1
Ectoparasitoid exclusion,W,600,2688,a,9.61,25.882352941176475,4,1,0,0,0
Ectoparasitoid exclusion,W,600,2688,b,11.7,25.882352941176475,4,1,0,0,0
Ectoparasitoid exclusion,W,600,2688,c,11.38,25.882352941176475,4,1,0,0,0
Ectoparasitoid exclusion,W,600,2688,d,8.74,25.882352941176475,4,0,0,0,0
Ectoparasitoid exclusion,W,600,2689,a,7.38,25.882352941176475,1,0,1,0,0
Ectoparasitoid exclusion,W,600,2690,a,5.61,25.882352941176475,1,1,0,0,0
Ectoparasitoid exclusion,W,606,2912,a,9.6,70.83333333333334,3,0,0,0,0
Ectoparasitoid exclusion,W,606,2912,b,11.03,70.83333333333334,3,1,0,0,0
Ectoparasitoid exclusion,W,606,2912,c,10.06,70.83333333333334,3,0,0,0,0
Ectoparasitoid exclusion,W,606,2913,a,9.39,70.83333333333334,2,0,1,0,0
Ectoparasitoid exclusion,W,606,2913,b,9.72,70.83333333333334,2,0,1,0,0
Ectoparasitoid exclusion,W,606,2914,a,6.83,70.83333333333334,1,1,0,0,0
Ectoparasitoid exclusion,W,606,2915,a,8.95,70.83333333333334,7,0,1,0,0
Ectoparasitoid exclusion,W,606,2915,b,8.38,70.83333333333334,7,0,1,0,0
Ectoparasitoid exclusion,W,606,2915,c,8.67,70.83333333333334,7,0,1,0,0
Ectoparasitoid exclusion,W,606,2915,d,8.06,70.83333333333334,7,0,1,0,0
Ectoparasitoid exclusion,W,606,2915,e,7.29,70.83333333333334,7,0,1,0,0
Ectoparasitoid exclusion,W,606,2915,f,4.82,70.83333333333334,7,0,1,0,0
Ectoparasitoid exclusion,W,606,2915,g,8.06,70.83333333333334,7,0,0,0,1
Ectoparasitoid exclusion,W,606,2916,a,5.6,70.83333333333334,10,0,1,0,0
Ectoparasitoid exclusion,W,606,2916,b,6.25,70.83333333333334,10,0,0,0,1
Ectoparasitoid exclusion,W,606,2916,c,4.96,70.83333333333334,10,1,0,0,0
Ectoparasitoid exclusion,W,606,2916,d,4.54,70.83333333333334,10,0,0,0,0
Ectoparasitoid exclusion,W,606,2916,e,4.52,70.83333333333334,10,0,1,0,0
Ectoparasitoid exclusion,W,606,2916,f,3.53,70.83333333333334,10,0,1,0,0
Ectoparasitoid exclusion,W,606,2916,g,4.46,70.83333333333334,10,0,0,0,1
Ectoparasitoid exclusion,W,606,2916,h,4.48,70.83333333333334,10,0,1,0,0
Ectoparasitoid exclusion,W,606,2916,i,6.25,70.83333333333334,10,0,0,0,1
Ectoparasitoid exclusion,W,606,2916,j,4.46,70.83333333333334,10,0,0,0,0
Ectoparasitoid exclusion,W,606,2917,a,4.04,70.83333333333334,3,0,1,0,0
Ectoparasitoid exclusion,W,606,2917,b,3.55,70.83333333333334,3,1,0,0,0
Ectoparasitoid exclusion,W,606,2917,c,3.55,70.83333333333334,3,0,0,0,1
Ectoparasitoid exclusion,W,606,2918,a,8.23,70.83333333333334,3,1,1,0,0
Ectoparasitoid exclusion,W,606,2918,b,7.51,70.83333333333334,3,0,1,0,0
Ectoparasitoid exclusion,W,606,2918,c,7.32,70.83333333333334,3,0,1,0,0
Ectoparasitoid exclusion,W,634,653,a,9.3,0,6,1,0,0,0
Ectoparasitoid exclusion,W,634,653,b,11.5,0,6,1,0,0,0
Ectoparasitoid exclusion,W,634,653,c,11.6,0,6,1,0,0,0
Ectoparasitoid exclusion,W,634,653,d,12.15,0,6,1,0,0,0
Ectoparasitoid exclusion,W,634,653,e,9.8,0,6,1,0,0,0
Ectoparasitoid exclusion,W,634,653,f,10.05,0,6,1,0,0,0
Ectoparasitoid exclusion,W,634,654,a,9.3,0,5,1,0,0,0
Ectoparasitoid exclusion,W,634,654,b,13.3,0,5,1,0,0,0
Ectoparasitoid exclusion,W,634,654,c,12.95,0,5,1,0,0,0
Ectoparasitoid exclusion,W,634,654,d,13.3,0,5,1,0,0,0
Ectoparasitoid exclusion,W,634,654,e,12.95,0,5,1,0,0,0
Ectoparasitoid exclusion,W,634,655,a,10.15,0,6,1,0,0,0
Ectoparasitoid exclusion,W,634,655,b,10.85,0,6,1,0,0,0
Ectoparasitoid exclusion,W,634,655,c,11.6,0,6,0,0,0,1
Ectoparasitoid exclusion,W,634,655,d,11,0,6,0,0,0,1
Ectoparasitoid exclusion,W,634,655,e,12.4,0,6,0,0,0,0
Ectoparasitoid exclusion,W,634,655,f,9.55,0,6,1,0,0,0
Ectoparasitoid exclusion,W,634,656,a,7.6,0,2,1,0,0,0
Ectoparasitoid exclusion,W,634,656,b,7.1,0,2,1,0,0,0
Ectoparasitoid exclusion,W,634,657,a,9.5,0,4,1,0,0,0
Ectoparasitoid exclusion,W,634,657,b,9.7,0,4,1,0,0,0
Ectoparasitoid exclusion,W,634,657,c,7.4,0,4,1,0,0,0
Ectoparasitoid exclusion,W,634,657,d,9.7,0,4,1,0,0,0
Ectoparasitoid exclusion,W,634,658,a,5.8,0,2,1,0,0,0
Ectoparasitoid exclusion,W,634,658,b,6,0,2,2,0,0,0
Ectoparasitoid exclusion,W,634,659,a,8,0,2,1,0,0,0
Ectoparasitoid exclusion,W,634,659,b,8.2,0,2,1,0,0,0
Ectoparasitoid exclusion,W,634,660,a,6.45,0,3,1,0,0,0
Ectoparasitoid exclusion,W,634,660,b,6.85,0,3,1,0,0,0
Ectoparasitoid exclusion,W,634,660,c,6.45,0,3,1,0,0,0
Ectoparasitoid exclusion,X,104,2172,a,6.8,13.846153846153847,1,0,1,0,0
Ectoparasitoid exclusion,X,104,2173,a,8.65,13.846153846153847,4,0,0,0,1
Ectoparasitoid exclusion,X,104,2173,b,8.8,13.846153846153847,4,0,0,0,1
Ectoparasitoid exclusion,X,104,2173,c,8.35,13.846153846153847,4,1,0,0,0
Ectoparasitoid exclusion,X,104,2173,d,7.8,13.846153846153847,4,1,0,0,0
Ectoparasitoid exclusion,X,104,2174,a,7.9,13.846153846153847,5,0,1,0,0
Ectoparasitoid exclusion,X,104,2174,b,9.55,13.846153846153847,5,0,1,0,0
Ectoparasitoid exclusion,X,104,2174,c,9.65,13.846153846153847,5,0,0,0,1
Ectoparasitoid exclusion,X,104,2174,d,9.55,13.846153846153847,5,0,1,0,0
Ectoparasitoid exclusion,X,104,2174,e,8.05,13.846153846153847,5,0,1,0,0
Ectoparasitoid exclusion,X,104,2175,a,6.85,13.846153846153847,3,0,1,0,0
Ectoparasitoid exclusion,X,104,2175,b,5.35,13.846153846153847,3,1,0,0,0
Ectoparasitoid exclusion,X,104,2175,c,5.75,13.846153846153847,3,1,0,0,0
Ectoparasitoid exclusion,X,104,2176,a,7,13.846153846153847,1,0,1,0,0
Ectoparasitoid exclusion,X,184,3927,a,6.43,0,1,0,0,0,1
Ectoparasitoid exclusion,X,184,3928,a,6.27,0,7,1,0,0,0
Ectoparasitoid exclusion,X,184,3928,b,8.25,0,7,0,1,0,0
Ectoparasitoid exclusion,X,184,3928,c,7.84,0,7,0,1,0,0
Ectoparasitoid exclusion,X,184,3928,d,8.57,0,7,0,1,0,0
Ectoparasitoid exclusion,X,184,3928,e,9.13,0,7,1,0,0,0
Ectoparasitoid exclusion,X,184,3928,f,9.26,0,7,0,0,0,1
Ectoparasitoid exclusion,X,184,3928,g,9.13,0,7,0,1,0,0
Ectoparasitoid exclusion,X,184,3929,a,9.59,0,3,1,0,0,0
Ectoparasitoid exclusion,X,184,3929,b,9.34,0,3,0,0,0,1
Ectoparasitoid exclusion,X,184,3929,c,9.53,0,3,1,0,0,0
Ectoparasitoid exclusion,X,184,3930,a,10.01,0,2,1,0,0,0
Ectoparasitoid exclusion,X,184,3930,b,10.01,0,2,1,0,0,0
Ectoparasitoid exclusion,X,184,3931,a,8.39,0,3,1,0,0,0
Ectoparasitoid exclusion,X,184,3931,b,7.94,0,3,1,0,0,0
Ectoparasitoid exclusion,X,184,3931,c,8.51,0,3,1,0,0,0
Ectoparasitoid exclusion,X,184,3932,a,11.23,0,3,1,0,0,0
Ectoparasitoid exclusion,X,184,3932,b,10.05,0,3,1,0,0,0
Ectoparasitoid exclusion,X,184,3932,c,9.54,0,3,1,0,0,0
Ectoparasitoid exclusion,X,278,2480,a,7.88,0,2,1,0,0,0
Ectoparasitoid exclusion,X,278,2480,b,8.78,0,2,1,0,0,0
Ectoparasitoid exclusion,X,278,2481,a,6.21,0,3,1,0,0,0
Ectoparasitoid exclusion,X,278,2481,b,6.33,0,3,0,1,0,0
Ectoparasitoid exclusion,X,278,2481,c,5.99,0,3,0,0,0,1
Ectoparasitoid exclusion,X,278,2482,a,6.09,0,1,0,1,0,0
Ectoparasitoid exclusion,X,278,2483,a,9.03,0,4,1,0,0,0
Ectoparasitoid exclusion,X,278,2483,b,9.19,0,4,1,0,0,0
Ectoparasitoid exclusion,X,278,2483,c,9.08,0,4,1,0,0,0
Ectoparasitoid exclusion,X,278,2483,d,8.67,0,4,1,0,0,0
Ectoparasitoid exclusion,X,278,2484,a,7.28,0,1,1,0,0,0
Control,X,30,38,a,9.4,4.444444444444445,1,0,0,0,0
Control,X,30,39,a,5.45,4.444444444444445,2,0,0,0,1
Control,X,30,39,b,10.6,4.444444444444445,2,0,0,0,0
Control,X,30,40,a,10.15,4.444444444444445,3,1,0,0,0
Control,X,30,40,b,8.2,4.444444444444445,3,1,0,0,0
Control,X,30,40,c,10.15,4.444444444444445,3,1,0,0,0
Control,X,30,41,a,8.45,4.444444444444445,1,0,0,0,0
Control,X,30,42,a,7.6,4.444444444444445,1,0,0,0,1
Control,X,30,43,a,8,4.444444444444445,2,1,0,0,0
Control,X,30,43,b,8.5,4.444444444444445,2,1,0,0,0
Control,X,30,44,a,10.45,4.444444444444445,5,1,0,0,0
Control,X,30,44,b,10.35,4.444444444444445,5,0,0,0,1
Control,X,30,44,c,8.9,4.444444444444445,5,1,0,0,0
Control,X,30,44,d,8.55,4.444444444444445,5,0,0,0,1
Control,X,30,44,e,10.45,4.444444444444445,5,1,0,0,0
Control,X,30,45,a,6.2,4.444444444444445,3,0,0,0,0
Control,X,30,45,b,7.45,4.444444444444445,3,0,0,0,0
Control,X,30,45,c,7.5,4.444444444444445,3,0,0,0,0
Control,X,30,46,a,9.65,4.444444444444445,7,0,1,0,0
Control,X,30,46,b,9.75,4.444444444444445,7,0,1,0,0
Control,X,30,46,c,9.1,4.444444444444445,7,0,1,0,0
Control,X,30,46,d,9.1,4.444444444444445,7,0,1,0,0
Control,X,30,46,e,8.6,4.444444444444445,7,0,0,0,1
Control,X,30,46,f,9.65,4.444444444444445,7,0,1,0,0
Control,X,30,46,g,9.65,4.444444444444445,7,0,1,0,0
Control,X,30,47,a,5.85,4.444444444444445,1,0,0,1,0
Control,X,30,48,a,9.65,4.444444444444445,6,1,0,0,0
Control,X,30,48,b,9.65,4.444444444444445,6,1,0,0,0
Control,X,30,48,c,7.1,4.444444444444445,6,0,1,0,0
Control,X,30,48,d,6.55,4.444444444444445,6,0,0,0,0
Control,X,30,48,e,5.35,4.444444444444445,6,0,0,1,0
Control,X,30,48,f,5.55,4.444444444444445,6,0,1,0,0
Control,X,30,49,a,3.6,4.444444444444445,1,0,0,0,1
Control,X,30,50,a,5.65,4.444444444444445,1,1,0,0,0
Ectoparasitoid exclusion,X,301,3851,a,8.07,0,1,1,0,0,0
Ectoparasitoid exclusion,X,301,3852,a,7.31,0,1,1,0,0,0
Ectoparasitoid exclusion,X,301,3853,a,6.36,0,1,0,1,0,0
Ectoparasitoid exclusion,X,301,3854,a,9.68,0,1,0,0,0,1
Ectoparasitoid exclusion,X,301,3855,a,6.61,0,4,1,0,0,0
Ectoparasitoid exclusion,X,301,3855,b,5.96,0,4,1,0,0,0
Ectoparasitoid exclusion,X,301,3855,c,6.9,0,4,1,0,0,0
Ectoparasitoid exclusion,X,301,3855,d,5.96,0,4,0,0,0,1
Ectoparasitoid exclusion,X,301,3856,a,8.5,0,3,0,0,0,1
Ectoparasitoid exclusion,X,301,3856,b,8.7,0,3,1,0,0,0
Ectoparasitoid exclusion,X,301,3856,c,7.04,0,3,0,0,0,1
Ectoparasitoid exclusion,X,301,3857,a,8.2,0,1,0,0,0,1
Ectoparasitoid exclusion,X,301,3858,a,7.05,0,6,0,0,0,1
Ectoparasitoid exclusion,X,301,3858,b,9.24,0,6,0,1,0,0
Ectoparasitoid exclusion,X,301,3858,c,9.96,0,6,0,1,0,0
Ectoparasitoid exclusion,X,301,3858,d,9.92,0,6,0,1,0,0
Ectoparasitoid exclusion,X,301,3858,e,8.79,0,6,0,1,0,0
Ectoparasitoid exclusion,X,301,3858,f,8.36,0,6,0,1,0,0
Control,X,318,962,a,7,0,2,0,0,0,1
Control,X,318,962,b,7,0,2,0,0,0,1
Control,X,318,963,a,11.25,0,5,0,0,0,1
Control,X,318,963,b,10.15,0,5,0,0,0,1
Control,X,318,963,c,10.65,0,5,0,0,0,1
Control,X,318,963,d,10.5,0,5,1,0,0,0
Control,X,318,963,e,11,0,5,1,0,0,0
Control,X,318,964,a,7.95,0,2,1,0,0,0
Control,X,318,964,b,8.3,0,2,1,0,0,0
Control,X,318,965,a,8.7,0,2,0,0,0,1
Control,X,318,965,b,8.55,0,2,1,0,0,0
Control,X,318,966,a,5.3,0,2,0,0,1,0
Control,X,318,966,b,9.1,0,2,1,0,0,0
Control,X,318,967,a,6.75,0,2,0,0,0,1
Control,X,318,967,b,6.65,0,2,0,1,0,0
Control,X,318,968,a,6.8,0,2,0,0,0,1
Control,X,318,968,b,7.8,0,2,0,0,0,1
Control,X,318,969,a,10.35,0,1,1,0,0,0
Control,X,318,970,a,10.5,0,4,1,0,0,0
Control,X,318,970,b,10.5,0,4,1,0,0,0
Control,X,318,970,c,10.3,0,4,1,0,0,0
Control,X,318,970,d,5.6,0,4,0,1,0,0
Control,X,318,971,a,6.65,0,4,0,1,0,0
Control,X,318,971,b,9.55,0,4,1,0,0,0
Control,X,318,971,c,10.15,0,4,1,0,0,0
Control,X,318,971,d,8.8,0,4,1,0,0,0
Control,X,318,972,a,9.4,0,1,1,0,0,0
Control,X,318,973,a,9.2,0,1,1,0,0,0
Control,X,318,974,a,6.8,0,3,0,0,0,1
Control,X,318,974,b,6.2,0,3,0,0,0,1
Control,X,318,974,c,6.8,0,3,1,0,0,0
Control,X,332,3420,a,9.01,4,3,1,0,0,0
Control,X,332,3420,b,9.4,4,3,1,0,0,0
Control,X,332,3420,c,8.69,4,3,1,0,0,0
Control,X,332,3421,a,7.4,4,2,0,1,0,0
Control,X,332,3421,b,7.47,4,2,0,1,0,0
Control,X,332,3422,a,8.09,4,1,1,0,0,0
Control,X,332,3423,a,7.7,4,1,1,0,0,0
Control,X,332,3424,a,5.85,4,1,0,0,0,0
Control,X,332,3425,a,7.49,4,1,0,0,0,0
Control,X,332,3426,a,9.49,4,1,1,0,0,0
Control,X,332,3427,a,8.64,4,1,0,0,0,0
Control,X,332,3428,a,9.52,4,3,1,0,0,0
Control,X,332,3428,b,9.11,4,3,1,0,0,0
Control,X,332,3428,c,9.52,4,3,1,0,0,0
Control,X,332,3429,a,5.35,4,1,0,0,0,1
Control,X,36,3228,a,11.41,6.666666666666667,3,1,0,0,0
Control,X,36,3228,b,12.6,6.666666666666667,3,1,0,0,0
Control,X,36,3228,c,12.32,6.666666666666667,3,1,0,0,0
Control,X,36,3229,a,5.67,6.666666666666667,1,0,0,0,0
Control,X,36,3230,a,5.04,6.666666666666667,3,1,0,0,0
Control,X,36,3230,b,6.15,6.666666666666667,3,0,1,0,0
Control,X,36,3230,c,6.41,6.666666666666667,3,1,0,0,0
Control,X,36,3231,a,7.94,6.666666666666667,1,0,0,0,0
Control,X,36,3232,a,5.81,6.666666666666667,3,1,0,0,0
Control,X,36,3232,b,5.92,6.666666666666667,3,1,0,0,0
Control,X,36,3232,c,6.51,6.666666666666667,3,1,0,0,0
Control,X,36,3233,a,9.06,6.666666666666667,2,1,0,0,0
Control,X,36,3233,b,8.87,6.666666666666667,2,0,0,0,1
Control,X,36,3234,a,3.26,6.666666666666667,1,0,0,0,1
Control,X,36,3235,a,4.91,6.666666666666667,1,0,1,0,0
Control,X,36,3236,a,5.52,6.666666666666667,1,0,1,0,0
Control,X,36,3237,a,6.46,6.666666666666667,2,0,0,1,0
Control,X,36,3237,b,5.55,6.666666666666667,2,0,0,0,0
Control,X,36,3238,a,5.09,6.666666666666667,2,0,0,0,1
Control,X,36,3238,b,7.72,6.666666666666667,2,0,0,0,1
Control,X,36,3239,a,3.79,6.666666666666667,4,0,0,1,0
Control,X,36,3239,b,4.94,6.666666666666667,4,0,0,0,0
Control,X,36,3239,c,4.25,6.666666666666667,4,0,1,0,0
Control,X,36,3239,d,3.49,6.666666666666667,4,0,0,1,0
Ectoparasitoid exclusion,X,412,2332,a,10.55,0,3,0,1,0,0
Ectoparasitoid exclusion,X,412,2332,b,10.32,0,3,1,0,0,0
Ectoparasitoid exclusion,X,412,2332,c,8.87,0,3,0,1,0,0
Ectoparasitoid exclusion,X,412,2333,a,6.75,0,3,0,1,0,0
Ectoparasitoid exclusion,X,412,2333,b,6.75,0,3,1,0,0,0
Ectoparasitoid exclusion,X,412,2333,c,6.75,0,3,1,0,0,0
Ectoparasitoid exclusion,X,412,2334,a,7.47,0,3,0,1,0,0
Ectoparasitoid exclusion,X,412,2334,b,9.25,0,3,0,1,0,0
Ectoparasitoid exclusion,X,412,2334,c,9.01,0,3,0,1,0,0
Ectoparasitoid exclusion,X,412,2335,a,9.81,0,3,1,0,0,0
Ectoparasitoid exclusion,X,412,2335,b,11.45,0,3,1,0,0,0
Ectoparasitoid exclusion,X,412,2335,c,11.45,0,3,1,0,0,0
Ectoparasitoid exclusion,X,412,2336,a,6.05,0,2,0,1,0,0
Ectoparasitoid exclusion,X,412,2336,b,7.5,0,2,0,0,0,1
Ectoparasitoid exclusion,X,412,2337,a,8.09,0,2,1,0,0,0
Ectoparasitoid exclusion,X,412,2337,b,7.45,0,2,0,1,0,0
Ectoparasitoid exclusion,X,412,2338,a,7.26,0,1,1,0,0,0
Ectoparasitoid exclusion,X,412,2339,a,11.06,0,2,0,0,0,0
Ectoparasitoid exclusion,X,412,2339,b,10.87,0,2,1,0,0,0
Control,X,484,2591,a,6.85,32.5,3,0,0,1,0
Control,X,484,2591,b,7.71,32.5,3,0,0,1,0
Control,X,484,2591,c,6.54,32.5,3,0,0,1,0
Control,X,484,2592,a,9.73,32.5,2,1,0,0,0
Control,X,484,2592,b,8.67,32.5,2,1,0,0,0
Control,X,484,2593,a,7.98,32.5,1,1,0,0,0
Control,X,484,2594,a,9.92,32.5,5,1,0,0,0
Control,X,484,2594,b,10.11,32.5,5,1,0,0,0
Control,X,484,2594,c,11.08,32.5,5,1,0,0,0
Control,X,484,2594,d,12.63,32.5,5,1,0,0,0
Control,X,484,2594,e,11,32.5,5,1,0,0,0
Control,X,484,2595,a,3.36,32.5,3,0,0,1,0
Control,X,484,2595,b,3.39,32.5,3,0,1,0,0
Control,X,484,2595,c,3.77,32.5,3,1,0,0,0
Control,X,484,2596,a,5.36,32.5,5,0,0,0,1
Control,X,484,2596,b,6.58,32.5,5,0,1,0,0
Control,X,484,2596,c,7.5,32.5,5,0,1,0,0
Control,X,484,2596,d,7.05,32.5,5,0,0,0,1
Control,X,484,2596,e,5.36,32.5,5,0,1,0,0
Ectoparasitoid exclusion,X,486,10,a,4.3,22,3,0,1,0,0
Ectoparasitoid exclusion,X,486,10,b,6.2,22,3,0,1,0,0
Ectoparasitoid exclusion,X,486,10,c,3.75,22,3,0,0,0,1
Ectoparasitoid exclusion,X,486,11,a,3.85,22,2,0,1,0,0
Ectoparasitoid exclusion,X,486,11,b,3.45,22,2,0,1,0,0
Ectoparasitoid exclusion,X,486,12,a,5.25,22,2,0,1,0,0
Ectoparasitoid exclusion,X,486,12,b,5.85,22,2,1,0,0,0
Ectoparasitoid exclusion,X,486,6,a,11.35,22,3,1,0,0,0
Ectoparasitoid exclusion,X,486,6,b,11.35,22,3,1,0,0,0
Ectoparasitoid exclusion,X,486,6,c,9.3,22,3,1,0,0,0
Ectoparasitoid exclusion,X,486,7,a,8.35,22,1,1,0,0,0
Ectoparasitoid exclusion,X,486,8,a,8.6,22,3,0,1,0,0
Ectoparasitoid exclusion,X,486,8,b,8.75,22,3,0,1,0,0
Ectoparasitoid exclusion,X,486,8,c,8.6,22,3,0,0,0,1
Ectoparasitoid exclusion,X,486,9,a,6.45,22,3,0,1,0,0
Ectoparasitoid exclusion,X,486,9,b,6.6,22,3,0,0,0,0
Ectoparasitoid exclusion,X,486,9,c,6.45,22,3,0,1,0,0
Control,X,487,2164,a,5.6,5,2,0,0,1,0
Control,X,487,2164,b,5.3,5,2,0,0,0,1
Control,X,487,2165,a,8.3,5,1,0,1,0,0
Control,X,487,2166,a,7.75,5,2,0,0,0,1
Control,X,487,2166,b,7.9,5,2,0,1,0,0
Control,X,487,2167,a,6.2,5,1,0,1,0,0
Control,X,487,2168,a,4.55,5,1,0,1,0,0
Control,X,487,2169,a,6.2,5,4,0,1,0,0
Control,X,487,2169,b,6.8,5,4,0,1,0,0
Control,X,487,2169,c,6.75,5,4,0,1,0,0
Control,X,487,2169,d,6.45,5,4,1,0,0,0
Control,X,487,2170,a,4.2,5,1,0,0,0,1
Control,X,487,2171,a,6.8,5,1,0,1,0,0
Control,X,548,3049,a,8.74,17.142857142857142,3,1,0,0,0
Control,X,548,3049,b,7.9,17.142857142857142,3,1,0,0,0
Control,X,548,3049,c,6.04,17.142857142857142,3,0,0,0,1
Control,X,548,3050,a,4.65,17.142857142857142,3,0,1,0,0
Control,X,548,3050,b,6.24,17.142857142857142,3,0,1,0,0
Control,X,548,3050,c,6.4,17.142857142857142,3,0,0,0,1
Control,X,548,3051,a,6.19,17.142857142857142,2,0,1,0,0
Control,X,548,3051,b,7.67,17.142857142857142,2,0,1,0,0
Control,X,548,3052,a,6.31,17.142857142857142,3,0,1,0,0
Control,X,548,3052,b,6.28,17.142857142857142,3,1,0,0,0
Control,X,548,3052,c,5.59,17.142857142857142,3,0,1,0,0
Control,X,548,3053,a,4.54,17.142857142857142,5,1,0,0,0
Control,X,548,3053,b,3.47,17.142857142857142,5,0,0,1,0
Control,X,548,3053,c,2.59,17.142857142857142,5,0,0,0,1
Control,X,548,3053,d,2.39,17.142857142857142,5,0,0,1,0
Control,X,548,3053,e,3.06,17.142857142857142,5,0,0,1,0
Control,X,548,3054,a,4.94,17.142857142857142,2,0,1,0,0
Control,X,548,3054,b,4.74,17.142857142857142,2,0,0,0,1
Control,X,548,3055,a,6.05,17.142857142857142,6,1,0,0,0
Control,X,548,3055,b,6.71,17.142857142857142,6,1,0,0,0
Control,X,548,3055,c,5.44,17.142857142857142,6,0,0,0,1
Control,X,548,3055,d,5.49,17.142857142857142,6,0,1,0,0
Control,X,548,3055,e,5.78,17.142857142857142,6,0,1,0,0
Control,X,548,3055,f,6.88,17.142857142857142,6,0,1,0,0
Ectoparasitoid exclusion,X,591,1028,a,6.35,12.727272727272727,1,0,0,0,1
Ectoparasitoid exclusion,X,591,2726,a,7,12.727272727272727,1,0,1,0,0
Ectoparasitoid exclusion,X,591,2727,a,5.24,12.727272727272727,3,0,0,0,1
Ectoparasitoid exclusion,X,591,2727,b,6.8,12.727272727272727,3,0,1,0,0
Ectoparasitoid exclusion,X,591,2727,c,5.73,12.727272727272727,3,0,0,0,0
Ectoparasitoid exclusion,X,591,2728,a,9.35,12.727272727272727,3,1,0,0,0
Ectoparasitoid exclusion,X,591,2728,b,6.82,12.727272727272727,3,0,1,0,0
Ectoparasitoid exclusion,X,591,2728,c,7.12,12.727272727272727,3,1,0,0,0
Ectoparasitoid exclusion,X,591,2729,a,5.17,12.727272727272727,1,1,0,0,0
Ectoparasitoid exclusion,X,591,2730,a,8.46,12.727272727272727,4,0,0,1,0
Ectoparasitoid exclusion,X,591,2730,b,8.31,12.727272727272727,4,0,1,0,0
Ectoparasitoid exclusion,X,591,2730,c,8.2,12.727272727272727,4,0,1,0,0
Ectoparasitoid exclusion,X,591,2730,d,6.85,12.727272727272727,4,0,1,0,0
Ectoparasitoid exclusion,X,591,2731,a,8.51,12.727272727272727,5,0,1,0,0
Ectoparasitoid exclusion,X,591,2731,b,10.23,12.727272727272727,5,1,0,0,0
Ectoparasitoid exclusion,X,591,2731,c,9.78,12.727272727272727,5,1,0,0,0
Ectoparasitoid exclusion,X,591,2731,d,8.89,12.727272727272727,5,0,0,0,0
Ectoparasitoid exclusion,X,591,2731,e,5.6,12.727272727272727,5,0,0,0,0
Ectoparasitoid exclusion,X,591,2732,a,4.61,12.727272727272727,2,0,0,0,0
Ectoparasitoid exclusion,X,591,2732,b,4.89,12.727272727272727,2,1,0,0,0
Ectoparasitoid exclusion,X,591,2733,a,6.98,12.727272727272727,3,1,0,0,0
Ectoparasitoid exclusion,X,591,2733,b,7.7,12.727272727272727,3,1,0,0,0
Ectoparasitoid exclusion,X,591,2733,c,6.75,12.727272727272727,3,1,0,0,0
Ectoparasitoid exclusion,X,591,2734,a,4.56,12.727272727272727,1,0,0,0,0
Ectoparasitoid exclusion,X,628,3859,a,10.54,0,4,1,0,0,0
Ectoparasitoid exclusion,X,628,3859,b,10.31,0,4,1,0,0,0
Ectoparasitoid exclusion,X,628,3859,c,10.08,0,4,1,0,0,0
Ectoparasitoid exclusion,X,628,3859,d,9.55,0,4,1,0,0,0
Ectoparasitoid exclusion,X,628,3860,a,6.24,0,1,0,1,0,0
Ectoparasitoid exclusion,X,628,3861,a,4.67,0,5,0,1,0,0
Ectoparasitoid exclusion,X,628,3861,b,4.48,0,5,0,1,0,0
Ectoparasitoid exclusion,X,628,3861,c,4.59,0,5,0,1,0,0
Ectoparasitoid exclusion,X,628,3861,d,4.59,0,5,0,1,0,0
Ectoparasitoid exclusion,X,628,3861,e,4.59,0,5,1,0,0,0
Ectoparasitoid exclusion,X,628,3862,a,5.59,0,6,0,1,0,0
Ectoparasitoid exclusion,X,628,3862,b,5.09,0,6,0,1,0,0
Ectoparasitoid exclusion,X,628,3862,c,5.04,0,6,0,1,0,0
Ectoparasitoid exclusion,X,628,3862,d,4.57,0,6,0,1,0,0
Ectoparasitoid exclusion,X,628,3862,e,5.59,0,6,0,1,0,0
Ectoparasitoid exclusion,X,628,3862,f,4.57,0,6,0,1,0,0
Ectoparasitoid exclusion,X,628,3863,a,10.24,0,1,0,0,0,1
Ectoparasitoid exclusion,X,628,3864,a,3.72,0,2,0,0,0,1
Ectoparasitoid exclusion,X,628,3864,b,5.64,0,2,0,1,0,0
Ectoparasitoid exclusion,X,628,3865,a,8.46,0,2,1,0,0,0
Ectoparasitoid exclusion,X,628,3865,b,8.57,0,2,1,0,0,0
Ectoparasitoid exclusion,X,628,3866,a,7.47,0,1,1,0,0,0
Ectoparasitoid exclusion,X,628,3867,a,7.44,0,4,1,0,0,0
Ectoparasitoid exclusion,X,628,3867,b,8.11,0,4,1,0,0,0
Ectoparasitoid exclusion,X,628,3867,c,9.12,0,4,1,0,0,0
Ectoparasitoid exclusion,X,628,3867,d,7.64,0,4,1,0,0,0
Ectoparasitoid exclusion,X,628,3868,a,7.03,0,4,0,1,0,0
Ectoparasitoid exclusion,X,628,3868,b,7.85,0,4,0,1,0,0
Ectoparasitoid exclusion,X,628,3868,c,9.37,0,4,0,0,0,1
Ectoparasitoid exclusion,X,628,3868,d,9.81,0,4,1,0,0,0
Ectoparasitoid exclusion,X,649,356,a,9.25,4.444444444444445,1,1,0,0,0
Ectoparasitoid exclusion,X,649,357,a,10.8,4.444444444444445,1,0,1,0,0
Ectoparasitoid exclusion,X,649,358,a,11.8,4.444444444444445,2,1,0,0,0
Ectoparasitoid exclusion,X,649,358,b,11.8,4.444444444444445,2,0,0,1,0
Control,X,649,3879,a,7.51,4.444444444444445,6,1,0,0,0
Control,X,649,3879,b,8.48,4.444444444444445,6,0,1,0,0
Control,X,649,3879,c,8.67,4.444444444444445,6,1,0,0,0
Control,X,649,3879,d,8.81,4.444444444444445,6,1,0,0,0
Control,X,649,3879,e,8.56,4.444444444444445,6,1,0,0,0
Control,X,649,3879,f,7.73,4.444444444444445,6,0,1,0,0
Control,X,649,3880,a,6.55,4.444444444444445,1,0,0,0,1
Control,X,649,3881,a,9.18,4.444444444444445,4,1,0,0,0
Control,X,649,3881,b,8.72,4.444444444444445,4,0,1,0,0
Control,X,649,3881,c,10.03,4.444444444444445,4,1,0,0,0
Control,X,649,3881,d,8.15,4.444444444444445,4,0,0,0,0
Control,X,649,3882,a,9.34,4.444444444444445,2,1,0,0,0
Control,X,649,3882,b,8.96,4.444444444444445,2,1,0,0,0
Control,X,649,3883,a,10.38,4.444444444444445,3,1,0,0,0
Control,X,649,3883,b,10.67,4.444444444444445,3,1,0,0,0
Control,X,649,3883,c,9.54,4.444444444444445,3,1,0,0,0
Control,X,649,3884,a,4.08,4.444444444444445,1,0,0,0,1
Control,X,649,3885,a,8.31,4.444444444444445,1,0,0,0,1
Control,X,649,3886,a,5.65,4.444444444444445,1,0,0,0,1
Control,X,649,3887,a,10.56,4.444444444444445,3,2,0,0,0
Control,X,649,3887,b,11.2,4.444444444444445,3,0,0,1,0
Control,X,649,3887,c,10.41,4.444444444444445,3,1,0,0,0
Control,Z,127,3315,a,7.25,34.11764705882353,7,1,0,0,0
Control,Z,127,3315,b,7.59,34.11764705882353,7,0,0,0,1
Control,Z,127,3315,c,7.69,34.11764705882353,7,1,0,0,0
Control,Z,127,3315,d,8.22,34.11764705882353,7,1,0,0,0
Control,Z,127,3315,e,8.07,34.11764705882353,7,1,0,0,0
Control,Z,127,3315,f,8.2,34.11764705882353,7,1,0,0,0
Control,Z,127,3315,g,7.53,34.11764705882353,7,1,0,0,0
Control,Z,127,3316,a,8.6,34.11764705882353,2,0,0,1,0
Control,Z,127,3316,b,8.28,34.11764705882353,2,0,1,0,0
Control,Z,127,3317,a,7.56,34.11764705882353,4,1,0,0,0
Control,Z,127,3317,b,8.14,34.11764705882353,4,0,1,0,0
Control,Z,127,3317,c,9,34.11764705882353,4,0,1,0,0
Control,Z,127,3317,d,7.84,34.11764705882353,4,0,1,0,0
Control,Z,127,3318,a,5.91,34.11764705882353,8,0,0,0,1
Control,Z,127,3318,b,8.38,34.11764705882353,8,0,0,0,0
Control,Z,127,3318,c,7.86,34.11764705882353,8,1,0,0,0
Control,Z,127,3318,d,7.99,34.11764705882353,8,1,0,0,0
Control,Z,127,3318,e,7.42,34.11764705882353,8,1,0,0,0
Control,Z,127,3318,f,6.89,34.11764705882353,8,0,0,0,1
Control,Z,127,3318,g,6.6,34.11764705882353,8,0,0,1,0
Control,Z,127,3318,h,7.99,34.11764705882353,8,1,0,0,0
Control,Z,127,3319,a,7.81,34.11764705882353,8,0,0,1,0
Control,Z,127,3319,b,6.15,34.11764705882353,8,1,0,0,0
Control,Z,127,3319,c,5.55,34.11764705882353,8,0,0,0,1
Control,Z,127,3319,d,4.75,34.11764705882353,8,0,0,0,1
Control,Z,127,3319,e,4.22,34.11764705882353,8,0,1,0,0
Control,Z,127,3319,f,6.6,34.11764705882353,8,1,0,0,0
Control,Z,127,3319,g,5.94,34.11764705882353,8,1,0,0,0
Control,Z,127,3319,h,7.81,34.11764705882353,8,1,0,0,0
Control,Z,154,27,a,9,19.090909090909093,2,0,0,0,0
Control,Z,154,27,b,9,19.090909090909093,2,0,0,0,0
Control,Z,154,28,a,7.3,19.090909090909093,3,0,1,0,0
Control,Z,154,28,b,7.6,19.090909090909093,3,0,1,0,0
Control,Z,154,28,c,6.45,19.090909090909093,3,0,1,0,0
Control,Z,154,29,a,3.7,19.090909090909093,4,0,0,0,0
Control,Z,154,29,b,2.6,19.090909090909093,4,0,0,0,0
Control,Z,154,29,c,4.1,19.090909090909093,4,0,0,0,0
Control,Z,154,29,d,4.1,19.090909090909093,4,0,0,0,0
Ectoparasitoid exclusion,Z,265,2723,a,8.46,7.368421052631578,1,1,0,0,0
Ectoparasitoid exclusion,Z,265,2724,a,7.42,7.368421052631578,5,1,0,0,0
Ectoparasitoid exclusion,Z,265,2724,b,5.76,7.368421052631578,5,1,0,0,0
Ectoparasitoid exclusion,Z,265,2724,c,5.76,7.368421052631578,5,1,0,0,0
Ectoparasitoid exclusion,Z,265,2724,d,5.76,7.368421052631578,5,1,0,0,0
Ectoparasitoid exclusion,Z,265,2724,e,5.76,7.368421052631578,5,1,0,0,0
Ectoparasitoid exclusion,Z,265,2725,a,6.9,7.368421052631578,1,0,1,0,0
Ectoparasitoid exclusion,Z,275,2023,a,11.05,21,4,1,0,0,0
Ectoparasitoid exclusion,Z,275,2023,b,9.95,21,4,0,0,0,1
Ectoparasitoid exclusion,Z,275,2023,c,10.95,21,4,0,1,0,0
Ectoparasitoid exclusion,Z,275,2023,d,9.3,21,4,0,1,0,0
Ectoparasitoid exclusion,Z,275,2024,a,4.9,21,8,0,0,0,1
Ectoparasitoid exclusion,Z,275,2024,b,5.05,21,8,0,1,0,0
Ectoparasitoid exclusion,Z,275,2024,c,5.05,21,8,1,0,0,0
Ectoparasitoid exclusion,Z,275,2024,d,4.6,21,8,1,0,0,0
Ectoparasitoid exclusion,Z,275,2024,e,4.65,21,8,1,0,0,0
Ectoparasitoid exclusion,Z,275,2024,f,3.95,21,8,0,1,0,0
Ectoparasitoid exclusion,Z,275,2024,g,5.9,21,8,1,0,0,0
Ectoparasitoid exclusion,Z,275,2024,h,4,21,8,0,1,0,0
Control,Z,28,2132,a,9.5,5,4,1,0,0,0
Control,Z,28,2132,b,11.05,5,4,1,0,0,0
Control,Z,28,2132,c,10.6,5,4,0,0,1,0
Control,Z,28,2132,d,5.9,5,4,0,1,0,0
Control,Z,28,2133,a,10.4,5,3,0,0,0,1
Control,Z,28,2133,b,10.1,5,3,1,0,0,0
Control,Z,28,2133,c,6.3,5,3,0,0,0,1
Control,Z,28,2134,a,7,5,2,0,1,0,0
Control,Z,28,2134,b,8.35,5,2,0,0,1,0
Control,Z,28,2135,a,6.55,5,4,0,0,0,1
Control,Z,28,2135,b,6.6,5,4,0,0,0,1
Control,Z,28,2135,c,5.75,5,4,0,0,0,0
Control,Z,28,2135,d,3.4,5,4,0,0,0,0
Control,Z,28,2136,a,6.2,5,4,1,0,0,0
Control,Z,28,2136,b,4,5,4,0,1,0,0
Control,Z,28,2136,c,5.8,5,4,1,0,0,0
Control,Z,28,2136,d,5.6,5,4,1,0,0,0
Control,Z,28,2137,a,9.65,5,4,0,0,0,0
Control,Z,28,2137,b,12.9,5,4,1,0,0,0
Control,Z,28,2137,c,13.1,5,4,0,0,0,1
Control,Z,28,2137,d,12.7,5,4,1,0,0,0
Control,Z,291,2051,a,3.95,2.2222222222222223,3,0,0,0,0
Control,Z,291,2051,b,8.45,2.2222222222222223,3,0,0,0,1
Control,Z,291,2051,c,7.75,2.2222222222222223,3,0,0,0,1
Control,Z,291,2052,a,7.6,2.2222222222222223,1,1,0,0,0
Control,Z,291,2053,a,7.6,2.2222222222222223,2,0,0,0,1
Control,Z,291,2053,b,8.4,2.2222222222222223,2,1,0,0,0
Control,Z,291,2054,a,13.05,2.2222222222222223,5,1,0,0,0
Control,Z,291,2054,b,13.15,2.2222222222222223,5,0,0,0,1
Control,Z,291,2054,c,13.5,2.2222222222222223,5,1,0,0,0
Control,Z,291,2054,d,12.3,2.2222222222222223,5,0,0,0,1
Control,Z,291,2054,e,11.85,2.2222222222222223,5,0,0,0,1
Ectoparasitoid exclusion,Z,308,2911,a,9.33,18.88888888888889,1,1,0,0,0
Control,Z,433,613,a,9.55,5,2,1,0,0,0
Control,Z,433,613,b,9.55,5,2,1,0,0,0
Control,Z,433,614,a,8.8,5,2,0,1,0,0
Control,Z,433,614,b,8.8,5,2,0,1,0,0
Control,Z,433,615,a,6.2,5,2,0,0,1,0
Control,Z,433,615,b,7.05,5,2,0,0,1,0
Ectoparasitoid exclusion,Z,464,2892,a,7.1,0,3,1,0,0,0
Ectoparasitoid exclusion,Z,464,2892,b,7.62,0,3,1,0,0,0
Ectoparasitoid exclusion,Z,464,2892,c,7.14,0,3,1,0,0,0
Ectoparasitoid exclusion,Z,464,2893,a,7.1,0,3,1,0,0,0
Ectoparasitoid exclusion,Z,464,2893,b,7.6,0,3,0,1,0,0
Ectoparasitoid exclusion,Z,464,2893,c,7.1,0,3,0,1,0,0
Ectoparasitoid exclusion,Z,464,2894,a,7.05,0,4,1,0,0,0
Ectoparasitoid exclusion,Z,464,2894,b,7.62,0,4,1,0,0,0
Ectoparasitoid exclusion,Z,464,2894,c,8.39,0,4,1,0,0,0
Ectoparasitoid exclusion,Z,464,2894,d,8.98,0,4,1,0,0,0
Ectoparasitoid exclusion,Z,464,2895,a,7.69,0,1,1,0,0,0
Ectoparasitoid exclusion,Z,464,2896,a,6.34,0,3,1,0,0,0
Ectoparasitoid exclusion,Z,464,2896,b,6.42,0,3,1,0,0,0
Ectoparasitoid exclusion,Z,464,2896,c,6.34,0,3,1,0,0,0
Ectoparasitoid exclusion,Z,464,2897,a,8.38,0,4,1,0,0,0
Ectoparasitoid exclusion,Z,464,2897,b,9.92,0,4,1,0,0,0
Ectoparasitoid exclusion,Z,464,2897,c,10.02,0,4,1,0,0,0
Ectoparasitoid exclusion,Z,464,2897,d,10.02,0,4,1,0,0,0
